﻿NCESID,GeographicUnit,SchoolDistrictName,Source,Year,Population,HouseholdSize,WhiteNH,BlackNH,AmerIndianNH,AsianPINH,MultiRaceNH,Hispanic,NonHispanic,LessThanHS,BachelorsOrMore,NumberEmployed,CommuteTime,IncomePerCapita,MedianHouseholdIncome,PovertyPct,HomeownerPct
2700001,SCHLDIST,Mountain Iron-Buhl School District Minnesota,ACS 2015-2019,2019,4545,2.1,4232,63,45,81,104,20,4525,202,660,1933,20.21,28205,50550,0.127,0.711
2700005,SCHLDIST,United South Central School District Minnesota,ACS 2015-2019,2019,5790,2.34,5227,10,20,43,152,338,5452,350,765,2849,24.34,26824,53699,0.133,0.841
2700006,SCHLDIST,Maple River School District Minnesota,ACS 2015-2019,2019,5991,2.45,5657,26,6,17,93,192,5799,250,895,3073,24.81,30299,64451,0.083,0.803
2700007,SCHLDIST,Kingsland Public School District Minnesota,ACS 2015-2019,2019,5023,2.3,4760,7,0,66,133,57,4966,240,578,2581,29.91,31163,59087,0.082,0.832
2700008,SCHLDIST,St. Louis County School District Minnesota,ACS 2015-2019,2019,17435,2.15,15671,71,906,65,587,126,17309,790,2667,7708,29.55,31903,57221,0.099,0.876
2700013,SCHLDIST,Waterville-Elysian-Morristown Public School District Minnesota,ACS 2015-2019,2019,6707,2.41,6466,21,0,15,70,126,6581,357,1132,3380,25.38,33499,67444,0.054,0.828
2700017,SCHLDIST,Chisago Lakes School District Minnesota,ACS 2015-2019,2019,21544,2.54,20425,40,59,230,339,451,21093,661,4290,11264,33.19,38491,88003,0.057,0.859
2700019,SCHLDIST,Minnewaska School District Minnesota,ACS 2015-2019,2019,9502,2.15,9141,32,28,54,104,142,9360,422,1647,4819,18.91,34403,61484,0.07,0.767
2700021,SCHLDIST,Eveleth-Gilbert School District Minnesota,ACS 2015-2019,2019,8811,2.21,8621,30,32,12,99,17,8794,296,1371,4123,19.19,30310,56009,0.111,0.771
2700022,SCHLDIST,Wadena-Deer Creek School District Minnesota,ACS 2015-2019,2019,7953,2.35,7449,68,43,0,183,206,7747,541,636,3458,18.31,23960,44847,0.166,0.72
2700023,SCHLDIST,Buffalo Lake-Hector-Stewart Public Schools Minnesota,ACS 2015-2019,2019,3706,2.23,3403,14,27,6,34,222,3484,206,388,1833,24.3,32836,56515,0.085,0.801
2700024,SCHLDIST,Warren-Alvarado-Oslo School District Minnesota,ACS 2015-2019,2019,3732,2.34,3376,23,17,7,45,264,3468,230,492,1786,23.06,30144,61103,0.093,0.754
2700088,SCHLDIST,Lakeview School District Minnesota,ACS 2015-2019,2019,2812,2.56,2605,17,13,39,14,124,2688,115,409,1516,17.37,29597,62353,0.098,0.816
2700089,SCHLDIST,NRHEG School District Minnesota,ACS 2015-2019,2019,5006,2.36,4780,36,21,33,27,109,4897,180,743,2553,25.48,29977,60731,0.108,0.804
2700090,SCHLDIST,Murray County Central School District Minnesota,ACS 2015-2019,2019,4665,2.18,4379,24,0,32,26,204,4461,339,725,2370,17.63,31487,57361,0.077,0.788
2700091,SCHLDIST,M.A.C.C.R.A.Y. School District Minnesota,ACS 2015-2019,2019,4672,2.52,4207,7,20,31,64,319,4353,297,549,2190,19.78,28394,64228,0.073,0.768
2700099,SCHLDIST,Yellow Medicine East Minnesota,ACS 2015-2019,2019,6727,2.36,5727,38,367,25,142,428,6299,354,861,3307,17.07,30328,59558,0.129,0.748
2700100,SCHLDIST,Fillmore Central Minnesota,ACS 2015-2019,2019,4847,2.39,4728,8,6,17,40,48,4799,308,804,2342,25.83,30018,59263,0.16,0.768
2700101,SCHLDIST,Norman County East School District Minnesota,ACS 2015-2019,2019,2101,2.34,1953,28,41,14,39,26,2075,120,238,1015,25.36,30881,59286,0.092,0.848
2700102,SCHLDIST,Sibley East School District Minnesota,ACS 2015-2019,2019,7595,2.42,6315,102,0,81,70,1023,6572,592,793,4006,24.13,30448,62706,0.083,0.771
2700103,SCHLDIST,Clearbrook-Gonvick School District Minnesota,ACS 2015-2019,2019,2665,2.39,2431,0,57,25,110,42,2623,244,363,1104,28.52,27771,49178,0.157,0.86
2700104,SCHLDIST,West Central Area Minnesota,ACS 2015-2019,2019,5044,2.25,4815,9,15,5,112,88,4956,256,688,2450,22.63,32791,57347,0.094,0.809
2700105,SCHLDIST,Belgrade-Brooten-Elrosa Public School District Minnesota,ACS 2015-2019,2019,4530,2.54,4220,63,6,22,62,157,4373,366,503,2241,23.04,29851,56905,0.096,0.807
2700106,SCHLDIST,A.C.G.C. Public School District Minnesota,ACS 2015-2019,2019,5730,2.38,5535,5,6,12,49,120,5610,236,673,2912,25.63,33590,60640,0.088,0.828
2700107,SCHLDIST,Greenbush-Middle River School District Minnesota,ACS 2015-2019,2019,2702,2.46,2557,80,9,10,29,17,2685,165,298,1359,25.24,27466,54178,0.091,0.857
2700108,SCHLDIST,Pipestone Area School District Minnesota,ACS 2015-2019,2019,7036,2.21,6079,50,141,11,233,522,6514,462,970,3234,22.31,31076,51250,0.135,0.736
2700109,SCHLDIST,Long Prairie-Grey Eagle School District Minnesota,ACS 2015-2019,2019,8522,2.49,7076,72,8,114,57,1195,7327,1091,921,3624,21.99,25391,50565,0.121,0.788
2700110,SCHLDIST,Cedar Mountain School District Minnesota,ACS 2015-2019,2019,2361,2.41,2095,39,88,1,75,63,2298,129,288,1177,20.28,29203,55729,0.121,0.788
2700123,SCHLDIST,Howard Lake-Waverly-Winsted Minnesota,ACS 2015-2019,2019,8582,2.43,8045,90,9,39,108,282,8300,404,1068,4515,31.69,32840,69032,0.059,0.774
2700124,SCHLDIST,Fairmont Area School District Minnesota,ACS 2015-2019,2019,12212,2.19,11052,59,5,99,187,808,11404,562,1956,5759,13.96,30748,49325,0.168,0.701
2700125,SCHLDIST,Lac Qui Parle Valley School District Minnesota,ACS 2015-2019,2019,6251,2.06,5679,52,1,234,82,201,6050,417,854,2923,19.38,33496,50000,0.12,0.766
2700126,SCHLDIST,Ada-Borup Public School District Minnesota,ACS 2015-2019,2019,2573,2.38,2241,7,83,3,54,185,2388,84,372,1182,17.39,31435,58185,0.074,0.778
2700127,SCHLDIST,Stephen-Argyle Central Schools Minnesota,ACS 2015-2019,2019,1946,2.42,1723,0,0,17,19,187,1759,175,355,957,21.83,30905,69643,0.041,0.851
2700128,SCHLDIST,Glencoe-Silver Lake School District Minnesota,ACS 2015-2019,2019,12711,2.55,11218,108,8,16,221,1052,11659,771,1196,6502,29.37,28808,62270,0.082,0.831
2700130,SCHLDIST,Blue Earth Area Public Schools Minnesota,ACS 2015-2019,2019,7659,2.1,6950,25,21,8,33,613,7046,365,993,3908,16.86,32177,52287,0.11,0.733
2700132,SCHLDIST,Red Rock Central School District Minnesota,ACS 2015-2019,2019,3197,2.26,3017,7,0,12,34,124,3073,206,373,1554,21.43,30574,57950,0.089,0.85
2700148,SCHLDIST,Glenville-Emmons School District Minnesota,ACS 2015-2019,2019,2618,2.36,2491,0,0,23,26,78,2540,126,267,1346,21.16,34399,57188,0.083,0.868
2700150,SCHLDIST,Clinton-Graceville-Beardsley Minnesota,ACS 2015-2019,2019,2282,2.25,2256,3,14,0,0,8,2274,119,258,1061,23.55,30316,54250,0.102,0.774
2700162,SCHLDIST,Lake Park Audubon School District Minnesota,ACS 2015-2019,2019,5122,2.4,4760,10,93,18,85,142,4980,233,964,2533,29.02,35318,68352,0.05,0.904
2700163,SCHLDIST,Renville County West School District Minnesota,ACS 2015-2019,2019,4181,2.54,3603,1,39,32,19,479,3702,282,440,1948,19.5,28351,62218,0.091,0.819
2700182,SCHLDIST,Redwood Area School District Minnesota,ACS 2015-2019,2019,7996,2.36,6644,49,697,69,148,389,7607,461,1024,3871,14.84,27924,52574,0.107,0.739
2700183,SCHLDIST,Westbrook-Walnut Grove Schools Minnesota,ACS 2015-2019,2019,2807,2.35,2472,3,22,296,9,5,2802,188,333,1326,22.74,28292,57500,0.142,0.818
2700231,SCHLDIST,Jackson County Central School District Minnesota,ACS 2015-2019,2019,7404,2.16,6850,39,3,195,119,198,7206,387,1232,3820,16.13,35394,57138,0.084,0.804
2700287,SCHLDIST,Plainview-Elgin-Millville Minnesota,ACS 2015-2019,2019,7913,2.49,7496,23,19,33,28,314,7599,331,1172,4345,25.28,35044,71685,0.09,0.788
2700294,SCHLDIST,RTR Public Schools Minnesota,ACS 2015-2019,2019,3610,2.43,3435,9,11,30,38,87,3523,185,529,1772,23.37,29628,60357,0.102,0.828
2700326,SCHLDIST,Tracy Area Public School District Minnesota,ACS 2015-2019,2019,5301,2.37,4809,1,13,215,77,154,5147,292,681,2490,22.47,29750,57688,0.097,0.824
2700328,SCHLDIST,Ortonville Public Schools Minnesota,ACS 2015-2019,2019,3404,2.04,3188,0,0,9,88,119,3285,172,418,1687,16.17,29358,54239,0.099,0.719
2700379,SCHLDIST,Tri-City United School District Minnesota,ACS 2015-2019,2019,12574,2.56,11365,103,38,41,161,866,11708,606,1593,6734,29.27,30970,70173,0.084,0.821
2700382,SCHLDIST,Brandon-Evansville Public Schools Minnesota,ACS 2015-2019,2019,3375,2.31,3307,10,6,3,27,4,3371,122,440,1666,23.75,32395,68953,0.076,0.857
2700383,SCHLDIST,Morris Area Public Schools Minnesota,ACS 2015-2019,2019,7715,2.43,6846,131,130,157,80,371,7344,288,1406,4256,11.01,34097,59160,0.136,0.657
2700385,SCHLDIST,Red Lake County Central Public Schools Minnesota,ACS 2015-2019,2019,2140,2.67,1977,17,42,1,36,67,2073,126,188,980,27.78,28823,60729,0.092,0.868
2702640,SCHLDIST,Lester Prairie Public School District Minnesota,ACS 2015-2019,2019,3123,2.65,2765,5,0,2,40,311,2812,210,373,1640,27.99,29863,64006,0.113,0.869
2702720,SCHLDIST,Southland Public School District Minnesota,ACS 2015-2019,2019,3484,2.55,3360,1,2,16,14,91,3393,162,507,1794,22.98,32366,67383,0.07,0.868
2702730,SCHLDIST,Adrian Public School District Minnesota,ACS 2015-2019,2019,2353,2.5,2121,7,9,28,36,152,2201,97,254,1183,19.24,32431,61205,0.08,0.823
2702760,SCHLDIST,Aitkin Public School District Minnesota,ACS 2015-2019,2019,9418,2,8927,49,120,50,127,142,9276,589,1488,3651,25.22,29185,50395,0.111,0.818
2702910,SCHLDIST,Walker-Hackensack-Akeley School District Minnesota,ACS 2015-2019,2019,7148,2.08,5995,33,762,38,250,70,7078,351,1556,2932,21.95,33042,51654,0.129,0.813
2702930,SCHLDIST,Albany Public School District Minnesota,ACS 2015-2019,2019,9510,2.71,9197,92,0,27,102,92,9418,535,1408,5038,24.82,32630,76725,0.051,0.854
2702970,SCHLDIST,Albert Lea Public School District Minnesota,ACS 2015-2019,2019,23200,2.28,18978,295,40,716,422,2749,20451,2120,2774,10928,17.71,27737,50433,0.122,0.738
2703030,SCHLDIST,Alden-Conger Public School District Minnesota,ACS 2015-2019,2019,1324,2.28,1261,0,0,3,7,53,1271,65,161,730,23.57,33252,62708,0.043,0.857
2703060,SCHLDIST,Alexandria Public School District Minnesota,ACS 2015-2019,2019,30393,2.2,29014,132,79,110,451,585,29808,1064,6042,15679,17.27,37974,64896,0.075,0.723
2703150,SCHLDIST,Annandale Public School District Minnesota,ACS 2015-2019,2019,11068,2.43,10585,47,4,24,46,358,10710,489,2034,5709,31.62,40336,74045,0.06,0.862
2703180,SCHLDIST,Anoka-Hennepin Public School District Minnesota,ACS 2015-2019,2019,241076,2.76,193271,17803,649,13102,6345,9630,231446,8578,51513,130374,27.19,37380,85112,0.054,0.812
2703300,SCHLDIST,Ashby Public School District Minnesota,ACS 2015-2019,2019,1528,2.55,1441,2,4,2,30,49,1479,45,198,729,24.76,29271,62000,0.086,0.777
2703450,SCHLDIST,Austin Public School District Minnesota,ACS 2015-2019,2019,28565,2.48,20539,1527,34,1657,438,4370,24195,2811,4392,13198,15.35,28881,50128,0.15,0.686
2703540,SCHLDIST,Badger Public School District Minnesota,ACS 2015-2019,2019,1153,2.35,1108,1,1,14,23,6,1147,52,84,557,22.22,25427,53036,0.121,0.827
2703570,SCHLDIST,Bagley Public School District Minnesota,ACS 2015-2019,2019,6312,2.64,5224,16,616,19,297,139,6173,592,670,2760,25.69,26867,50974,0.14,0.793
2703660,SCHLDIST,Barnesville Public School District Minnesota,ACS 2015-2019,2019,4572,2.56,4258,40,82,18,55,119,4453,150,843,2436,26.58,33675,80500,0.066,0.84
2703690,SCHLDIST,Barnum Public School District Minnesota,ACS 2015-2019,2019,3790,2.46,3655,2,2,27,42,62,3728,173,564,1815,28.31,30645,68700,0.059,0.885
2703750,SCHLDIST,Battle Lake Public School District Minnesota,ACS 2015-2019,2019,3820,2.1,3678,15,14,3,74,31,3789,154,1038,1549,27.73,36519,58644,0.061,0.877
2703870,SCHLDIST,Becker Public School District Minnesota,ACS 2015-2019,2019,12049,2.97,11577,58,120,53,203,38,12011,246,1999,6630,33.57,35695,93302,0.029,0.917
2704050,SCHLDIST,Belle Plaine Public School District Minnesota,ACS 2015-2019,2019,9512,2.91,8744,179,0,218,48,323,9189,524,1461,5210,26.45,31483,83883,0.069,0.873
2704440,SCHLDIST,Bemidji Public School District Minnesota,ACS 2015-2019,2019,38793,2.41,31965,415,3191,425,1805,989,37804,1520,8320,18705,18.79,28263,52557,0.167,0.688
2704470,SCHLDIST,Benson Public School District Minnesota,ACS 2015-2019,2019,5258,2.14,4893,158,1,23,36,147,5111,280,751,2721,18.76,33120,54882,0.131,0.671
2705430,SCHLDIST,Bertha-Hewitt Public School District Minnesota,ACS 2015-2019,2019,3460,2.46,3330,29,3,0,91,7,3453,265,279,1511,26.05,24303,47868,0.113,0.805
2705460,SCHLDIST,Big Lake Public School District Minnesota,ACS 2015-2019,2019,18463,2.96,16662,283,40,166,331,981,17482,657,3295,10723,32.57,36235,90912,0.054,0.886
2705660,SCHLDIST,Bird Island-Olivia-Lake Lillian Minnesota,ACS 2015-2019,2019,4857,2.27,4459,9,12,24,27,326,4531,304,583,2465,19.22,34489,61571,0.106,0.741
2705730,SCHLDIST,Blackduck Public School District Minnesota,ACS 2015-2019,2019,3766,2.46,3403,20,177,34,75,57,3709,213,454,1636,25.45,24447,46250,0.113,0.812
2705760,SCHLDIST,Blooming Prairie Public School District Minnesota,ACS 2015-2019,2019,4142,2.55,3875,5,0,7,13,242,3900,254,518,2023,24.46,31341,68000,0.11,0.858
2705790,SCHLDIST,Bloomington Public School District Minnesota,ACS 2015-2019,2019,85294,2.38,61485,8038,322,4542,2922,7619,77675,4812,26054,46424,21.95,41136,75132,0.074,0.672
2706060,SCHLDIST,Braham Public School District Minnesota,ACS 2015-2019,2019,5845,2.44,5353,33,8,13,155,281,5564,424,573,2764,36.4,30095,58932,0.13,0.814
2706090,SCHLDIST,Brainerd Public School District Minnesota,ACS 2015-2019,2019,43641,2.39,41180,421,450,245,656,675,42966,1860,7318,21656,20.56,31809,57484,0.11,0.732
2706150,SCHLDIST,Breckenridge Public School District Minnesota,ACS 2015-2019,2019,4705,2.08,4626,25,11,1,27,15,4690,179,846,2393,14.78,35789,57043,0.095,0.745
2706240,SCHLDIST,Brooklyn Center School District Minnesota,ACS 2015-2019,2019,8169,2.59,3569,2337,43,646,213,1361,6808,638,997,3990,25.96,26612,55976,0.143,0.539
2706300,SCHLDIST,Browerville Public School District Minnesota,ACS 2015-2019,2019,4039,2.62,3800,24,10,34,109,60,3979,296,332,1662,27.45,23442,53308,0.159,0.84
2707200,SCHLDIST,Buffalo-Hanover-Montrose Public Schools Minnesota,ACS 2015-2019,2019,33830,2.73,32427,184,156,268,359,436,33394,1028,6760,17758,29.82,38448,82205,0.06,0.809
2707290,SCHLDIST,Burnsville Public School District Minnesota,ACS 2015-2019,2019,68261,2.51,47844,8645,117,4197,2353,4839,63422,3180,18138,38444,24.29,36919,78002,0.079,0.68
2707320,SCHLDIST,Butterfield Public School District Minnesota,ACS 2015-2019,2019,988,2.57,741,0,0,102,11,134,854,133,107,468,19.78,26897,54659,0.123,0.888
2707350,SCHLDIST,Byron Public School District Minnesota,ACS 2015-2019,2019,8120,2.63,7629,12,0,162,57,250,7870,176,2357,4433,20.61,45042,93871,0.015,0.889
2707380,SCHLDIST,Caledonia Public School District Minnesota,ACS 2015-2019,2019,5839,2.26,5621,124,22,31,12,29,5810,268,816,3155,24.43,29850,56910,0.088,0.82
2707410,SCHLDIST,Cambridge-Isanti Public School District Minnesota,ACS 2015-2019,2019,30274,2.66,28417,138,63,548,520,514,29760,1430,3812,15502,35.15,33660,76113,0.069,0.812
2707450,SCHLDIST,Campbell-Tintah Public School District Minnesota,ACS 2015-2019,2019,624,2.47,609,0,0,0,11,4,620,28,57,285,23.08,27950,60234,0.143,0.87
2707470,SCHLDIST,Canby Public School District Minnesota,ACS 2015-2019,2019,3173,2.16,3068,11,4,6,39,45,3128,259,363,1588,18.42,29400,53750,0.098,0.816
2707500,SCHLDIST,Cannon Falls Public School District Minnesota,ACS 2015-2019,2019,7757,2.46,7475,0,11,50,133,88,7669,264,1346,4355,28.18,38419,76715,0.067,0.806
2707590,SCHLDIST,Carlton Public School District Minnesota,ACS 2015-2019,2019,4545,2.37,3828,30,416,52,134,85,4460,236,705,2114,21.66,35832,63393,0.108,0.828
2708070,SCHLDIST,Cass Lake-Bena Public Schools Minnesota,ACS 2015-2019,2019,4529,2.72,1507,17,2385,46,294,280,4249,280,448,1666,16.65,19458,43094,0.284,0.656
2708100,SCHLDIST,Centennial Public School District Minnesota,ACS 2015-2019,2019,32855,2.82,28417,964,252,1187,1178,857,31998,968,8627,17968,26.39,40482,98067,0.033,0.883
2708190,SCHLDIST,Eastern Carver County Public Schools Minnesota,ACS 2015-2019,2019,59136,2.72,50568,1203,134,2337,1440,3296,55840,1624,20623,33159,25.31,49106,103848,0.043,0.8
2708220,SCHLDIST,Chatfield Public Schools Minnesota,ACS 2015-2019,2019,5198,2.46,5060,38,0,20,58,22,5176,174,1087,2825,24.04,36375,76761,0.042,0.807
2708880,SCHLDIST,Franconia Public School District Minnesota,ACS 2015-2019,2019,240,2.45,227,0,0,0,5,8,232,8,66,129,43.22,49940,96875,0.029,0.908
2708910,SCHLDIST,Chisholm Public School District Minnesota,ACS 2015-2019,2019,5837,2.23,5624,33,0,16,136,23,5814,154,673,2104,19.79,24481,43704,0.222,0.729
2708940,SCHLDIST,Chokio-Alberta Public School District Minnesota,ACS 2015-2019,2019,1347,2.85,1156,2,0,20,15,154,1193,40,227,683,14.48,28292,61250,0.043,0.81
2709330,SCHLDIST,Cleveland Public School District Minnesota,ACS 2015-2019,2019,2576,2.54,2510,3,0,24,3,34,2542,38,568,1316,26.45,41404,83676,0.035,0.941
2709360,SCHLDIST,Climax-Shelly Public Schools Minnesota,ACS 2015-2019,2019,868,2.49,739,0,9,9,14,91,777,54,136,406,23.48,27730,54583,0.131,0.836
2709420,SCHLDIST,Cloquet Public School District Minnesota,ACS 2015-2019,2019,14442,2.5,12226,192,1149,101,440,334,14108,489,1973,6915,19.17,27196,56274,0.123,0.729
2709440,SCHLDIST,ROCORI Public School District Minnesota,ACS 2015-2019,2019,13403,2.56,12633,17,3,35,31,684,12719,854,2106,7066,23.3,34821,74805,0.055,0.868
2709480,SCHLDIST,Greenway Public School District Minnesota,ACS 2015-2019,2019,8810,2.42,8132,56,202,24,221,175,8635,350,1068,4037,24.33,26587,55088,0.142,0.839
2709510,SCHLDIST,Columbia Heights Public School District Minnesota,ACS 2015-2019,2019,26421,2.44,15452,4809,191,1535,911,3333,23088,2044,5294,13691,25.72,29954,57973,0.125,0.646
2709540,SCHLDIST,Comfrey Public School District Minnesota,ACS 2015-2019,2019,949,2.34,924,2,2,2,9,10,939,46,119,440,22.21,30496,56583,0.077,0.858
2709690,SCHLDIST,Cromwell-Wright Public Schools Minnesota,ACS 2015-2019,2019,1824,2.31,1797,0,6,0,12,9,1815,76,226,835,32.15,32063,57813,0.103,0.781
2709720,SCHLDIST,Crookston Public School District Minnesota,ACS 2015-2019,2019,9447,2.35,7678,227,128,220,159,1035,8412,579,1631,4603,14.35,29020,57853,0.143,0.695
2709750,SCHLDIST,Crosby-Ironton Public School District Minnesota,ACS 2015-2019,2019,11019,2.3,10326,63,72,20,283,255,10764,632,1824,4563,26.81,32399,53082,0.114,0.802
2710060,SCHLDIST,Dassel-Cokato Public School District Minnesota,ACS 2015-2019,2019,10033,2.75,9340,72,39,80,164,334,9699,471,1350,4926,27.97,29437,68841,0.055,0.779
2710090,SCHLDIST,Dawson-Boyd Public School District Minnesota,ACS 2015-2019,2019,2849,2.23,2703,40,10,12,21,61,2788,158,410,1396,17.19,29992,54188,0.063,0.819
2710140,SCHLDIST,Deer River Public School District Minnesota,ACS 2015-2019,2019,5287,2.39,4210,23,903,0,110,41,5246,356,695,2004,29.92,26374,54215,0.112,0.829
2710170,SCHLDIST,Delano Public School District Minnesota,ACS 2015-2019,2019,12081,2.85,11254,80,8,35,408,296,11785,276,3177,6475,28.52,44786,102685,0.034,0.839
2710230,SCHLDIST,Detroit Lakes Public School District Minnesota,ACS 2015-2019,2019,17837,2.36,15649,118,940,165,681,284,17553,735,3555,8751,19.07,34286,59833,0.105,0.731
2710260,SCHLDIST,Dilworth-Glyndon-Felton Minnesota,ACS 2015-2019,2019,5794,2.5,5154,57,94,27,34,428,5366,192,1037,3224,22.33,34761,73618,0.071,0.808
2711010,SCHLDIST,Dover-Eyota Public School District Minnesota,ACS 2015-2019,2019,4239,2.58,4024,44,0,21,30,120,4119,130,760,2337,25.1,36487,79200,0.033,0.845
2711040,SCHLDIST,Duluth Public School District Minnesota,ACS 2015-2019,2019,93687,2.24,83228,1935,1546,1443,3388,2106,91581,3194,22447,48766,17.78,31913,54924,0.169,0.626
2711085,SCHLDIST,East Central School District Minnesota,ACS 2015-2019,2019,6796,2.55,5472,418,307,66,219,300,6496,510,696,2335,30.32,21478,44590,0.142,0.788
2711130,SCHLDIST,East Grand Forks Public School District Minnesota,ACS 2015-2019,2019,10119,2.42,8571,378,254,41,252,623,9496,426,1914,5167,15.95,31334,63852,0.111,0.696
2711190,SCHLDIST,Eden Valley-Watkins School District Minnesota,ACS 2015-2019,2019,4800,2.44,4607,17,0,11,55,110,4690,274,524,2536,29.04,28885,60662,0.063,0.811
2711220,SCHLDIST,Edgerton Public School District Minnesota,ACS 2015-2019,2019,2406,2.48,2270,0,4,8,16,108,2298,185,364,1055,14.28,29763,60302,0.044,0.822
2711250,SCHLDIST,Edina Public School District Minnesota,ACS 2015-2019,2019,42319,2.55,36042,721,77,3192,1132,988,41331,459,21498,20657,21.07,75092,126400,0.037,0.764
2711370,SCHLDIST,Elk River Public School District Minnesota,ACS 2015-2019,2019,74808,2.93,68236,1346,210,1835,1362,1665,73143,1985,16021,40624,31.85,38864,100970,0.041,0.864
2711460,SCHLDIST,Ellsworth Public School District Minnesota,ACS 2015-2019,2019,964,2.29,931,3,3,2,0,25,939,87,103,527,21.58,27843,55375,0.095,0.795
2711520,SCHLDIST,Ely Public School District Minnesota,ACS 2015-2019,2019,4960,1.94,4835,32,41,11,24,17,4943,172,1336,2513,14.59,30888,48157,0.094,0.766
2711670,SCHLDIST,Minnetonka Public School District Minnesota,ACS 2015-2019,2019,42190,2.66,38676,703,44,764,825,1178,41012,530,19119,21519,24.56,67964,128582,0.036,0.862
2711760,SCHLDIST,Faribault Public School District Minnesota,ACS 2015-2019,2019,30854,2.51,23340,3280,173,544,228,3270,27584,2813,4147,13963,21.88,28564,60551,0.116,0.704
2711820,SCHLDIST,Farmington Public School District Minnesota,ACS 2015-2019,2019,35564,2.91,31186,464,372,883,997,1576,33988,965,7754,19773,28.7,38385,97466,0.023,0.872
2711880,SCHLDIST,Fergus Falls Public School District Minnesota,ACS 2015-2019,2019,19514,2.23,18172,328,133,123,258,500,19014,907,3735,9776,15.32,31803,54087,0.084,0.69
2711910,SCHLDIST,Fertile-Beltrami School District Minnesota,ACS 2015-2019,2019,3044,2.47,2947,2,23,9,31,32,3012,167,435,1399,26.7,32000,64122,0.106,0.831
2712180,SCHLDIST,Fisher Public School District Minnesota,ACS 2015-2019,2019,937,2.69,877,11,6,1,3,39,898,17,195,507,21.97,36161,76136,0.073,0.787
2712210,SCHLDIST,Floodwood Public School District Minnesota,ACS 2015-2019,2019,1400,2.15,1367,3,6,0,13,11,1389,96,123,595,34.75,26177,46875,0.1,0.845
2712240,SCHLDIST,Foley Public School District Minnesota,ACS 2015-2019,2019,9364,2.76,8890,41,19,36,181,193,9171,573,1064,4605,30.27,29773,75984,0.048,0.851
2712270,SCHLDIST,Forest Lake Public School District Minnesota,ACS 2015-2019,2019,48995,2.7,44382,567,290,1415,939,1336,47659,1705,9426,26479,30.17,39873,86569,0.044,0.825
2712300,SCHLDIST,Fosston Public School District Minnesota,ACS 2015-2019,2019,3905,2.42,3445,63,87,25,108,177,3728,243,643,1871,23.36,27232,51386,0.116,0.737
2712360,SCHLDIST,Frazee-Vergas Public School District Minnesota,ACS 2015-2019,2019,6515,2.54,6094,28,142,14,62,175,6340,368,872,3079,25.19,28586,60930,0.097,0.824
2712420,SCHLDIST,Fridley Public School District Minnesota,ACS 2015-2019,2019,15937,2.54,10072,2817,184,1117,372,1375,14562,1200,3641,8159,24.1,31370,61773,0.08,0.589
2712480,SCHLDIST,Fulda Public School District Minnesota,ACS 2015-2019,2019,2497,2.38,2220,3,17,97,41,119,2378,192,327,1250,21.22,29277,62500,0.078,0.834
2712580,SCHLDIST,G.F.W. Schools Minnesota,ACS 2015-2019,2019,5940,2.38,5254,52,61,57,39,477,5463,397,688,3019,23.03,30383,58352,0.101,0.811
2712900,SCHLDIST,Goodhue Public School District Minnesota,ACS 2015-2019,2019,3189,2.62,2964,8,12,3,22,180,3009,122,405,1810,25.78,33791,76897,0.041,0.815
2713020,SCHLDIST,Goodridge Public School District Minnesota,ACS 2015-2019,2019,882,2.78,830,9,11,8,8,16,866,34,61,431,28.19,25310,60682,0.146,0.911
2713040,SCHLDIST,Granada-Huntley-East Chain Minnesota,ACS 2015-2019,2019,1694,2.42,1665,3,0,0,11,15,1679,44,248,890,20.71,34366,70217,0.063,0.87
2713110,SCHLDIST,Cook County Public Schools Minnesota,ACS 2015-2019,2019,5376,1.97,4597,4,467,50,134,124,5252,124,1730,2553,14.39,33194,57432,0.126,0.769
2713140,SCHLDIST,Grand Meadow Public School District Minnesota,ACS 2015-2019,2019,1957,2.58,1863,20,2,9,37,26,1931,57,268,1041,26.31,32354,68409,0.097,0.792
2713170,SCHLDIST,Grand Rapids Public School District Minnesota,ACS 2015-2019,2019,27163,2.19,25487,113,475,153,566,364,26799,1023,5285,11906,21.25,32282,55497,0.113,0.801
2713380,SCHLDIST,Hancock Public School District Minnesota,ACS 2015-2019,2019,1447,3.32,1207,0,30,55,21,134,1313,48,214,672,17.27,25851,65156,0.134,0.766
2713530,SCHLDIST,Hastings Public School District Minnesota,ACS 2015-2019,2019,32520,2.52,29978,390,209,237,587,1031,31489,987,6393,17272,25.34,37739,78171,0.058,0.759
2713560,SCHLDIST,Hawley Public School District Minnesota,ACS 2015-2019,2019,4525,2.62,4260,17,140,7,24,77,4448,138,834,2361,29.23,34335,79797,0.047,0.813
2713590,SCHLDIST,Hayfield Public School District Minnesota,ACS 2015-2019,2019,4853,2.48,4673,39,0,26,18,95,4758,186,787,2626,26.57,32125,66926,0.089,0.822
2713680,SCHLDIST,Hendricks Public School District Minnesota,ACS 2015-2019,2019,1047,1.92,949,16,6,0,30,46,1001,58,131,488,23.09,29794,44185,0.144,0.707
2713860,SCHLDIST,Henning Public School District Minnesota,ACS 2015-2019,2019,2916,2.24,2831,15,8,6,34,22,2894,181,461,1163,27.88,31107,55714,0.087,0.83
2713890,SCHLDIST,Herman-Norcross School District Minnesota,ACS 2015-2019,2019,893,2.15,880,8,4,0,0,1,892,43,107,437,23.1,39054,48403,0.072,0.778
2713920,SCHLDIST,Hermantown Public School District Minnesota,ACS 2015-2019,2019,11728,2.42,10870,365,66,63,131,233,11495,213,2804,5677,22.05,38117,75650,0.043,0.788
2713930,SCHLDIST,Heron Lake-Okabena School District Minnesota,ACS 2015-2019,2019,1575,2.35,1449,0,0,13,24,89,1486,79,213,806,19.22,30540,63281,0.076,0.813
2713980,SCHLDIST,Hibbing Public School District Minnesota,ACS 2015-2019,2019,17203,2.32,15720,420,41,305,379,338,16865,809,2365,7185,18.65,27727,49768,0.144,0.736
2714010,SCHLDIST,Hill City Public School District Minnesota,ACS 2015-2019,2019,1615,2.06,1471,7,22,1,94,20,1595,110,140,625,30.28,26244,46336,0.123,0.769
2714040,SCHLDIST,Hills-Beaver Creek School District Minnesota,ACS 2015-2019,2019,2192,2.43,2051,58,0,8,49,26,2166,112,304,1143,24.73,29004,65774,0.082,0.776
2714070,SCHLDIST,Hinckley-Finlayson School District Minnesota,ACS 2015-2019,2019,6822,2.47,5872,36,342,30,271,271,6551,563,520,3047,30.02,25229,47719,0.13,0.771
2714190,SCHLDIST,Holdingford Public School District Minnesota,ACS 2015-2019,2019,4973,2.53,4925,0,0,3,10,35,4938,268,524,2721,28.12,35756,72074,0.032,0.901
2714220,SCHLDIST,Eden Prairie Public School District Minnesota,ACS 2015-2019,2019,60953,2.58,43535,5067,98,7310,1877,2899,58054,1696,26927,33044,24.03,58156,110846,0.055,0.727
2714260,SCHLDIST,Hopkins Public School District Minnesota,ACS 2015-2019,2019,65494,2.1,50453,6342,163,4147,1564,2816,62678,1846,27452,37687,21.64,52473,75778,0.056,0.567
2714280,SCHLDIST,Houston Public School District Minnesota,ACS 2015-2019,2019,2655,2.2,2597,1,19,0,30,8,2647,102,452,1433,25.25,30896,59696,0.088,0.789
2714970,SCHLDIST,Hutchinson Public School District Minnesota,ACS 2015-2019,2019,17811,2.29,16620,84,43,188,159,709,17102,608,2605,9481,18.28,36223,61972,0.079,0.73
2715000,SCHLDIST,International Falls School District Minnesota,ACS 2015-2019,2019,9258,2.18,8670,70,218,24,140,136,9122,520,1173,4444,9.96,30814,51413,0.135,0.757
2715030,SCHLDIST,Inver Grove Heights Schools Minnesota,ACS 2015-2019,2019,29486,2.4,22220,1223,35,1077,667,4087,25399,1349,6921,15590,23.09,40592,73577,0.081,0.634
2715510,SCHLDIST,Isle Public School District Minnesota,ACS 2015-2019,2019,3130,2.08,2834,3,164,2,77,48,3082,213,373,1309,29.24,30661,46833,0.124,0.825
2715750,SCHLDIST,Jordan Public School District Minnesota,ACS 2015-2019,2019,9981,2.88,8596,188,0,114,135,946,9035,413,1689,5438,28.03,34953,86267,0.115,0.788
2716830,SCHLDIST,Prinsburg Public School District Minnesota,ACS 2015-2019,2019,804,2.7,772,6,0,3,7,14,790,47,175,360,16.16,32750,65000,0.077,0.855
2716980,SCHLDIST,Kasson-Mantorville School District Minnesota,ACS 2015-2019,2019,10170,2.72,9635,16,30,129,163,197,9973,174,2063,5604,24.37,37825,84429,0.025,0.878
2717010,SCHLDIST,Kelliher Public School District Minnesota,ACS 2015-2019,2019,1094,2.69,974,21,59,4,33,3,1091,55,100,425,24.74,22602,49583,0.155,0.89
2717100,SCHLDIST,Kenyon-Wanamingo School District Minnesota,ACS 2015-2019,2019,5606,2.4,5289,40,8,44,60,164,5442,291,932,3016,27.52,33361,70927,0.085,0.811
2717120,SCHLDIST,Kerkhoven-Murdock-Sunburg Minnesota,ACS 2015-2019,2019,2778,2.48,2526,19,0,3,9,221,2557,178,331,1407,20.92,27689,55556,0.112,0.804
2717220,SCHLDIST,Kimball Public School District Minnesota,ACS 2015-2019,2019,4804,2.72,4673,10,0,8,85,28,4776,161,692,2644,30.72,34735,75912,0.05,0.906
2717250,SCHLDIST,La Crescent-Hokah School District Minnesota,ACS 2015-2019,2019,8492,2.23,7967,135,0,51,158,181,8311,169,1963,4680,19.78,38400,68490,0.058,0.799
2717520,SCHLDIST,Lake City Public School District Minnesota,ACS 2015-2019,2019,9049,2.26,8423,105,12,95,162,244,8805,424,1914,4370,22.48,36278,65138,0.077,0.763
2717570,SCHLDIST,Lake of the Woods School District Minnesota,ACS 2015-2019,2019,3361,2.55,3096,2,49,3,208,3,3358,189,456,1658,20.43,26126,48953,0.118,0.809
2717780,SCHLDIST,Lakeville Public School District Minnesota,ACS 2015-2019,2019,57959,2.84,49842,1493,105,2670,1384,2293,55666,1235,19566,32116,26.08,47958,111246,0.043,0.843
2717880,SCHLDIST,Lancaster Public School District Minnesota,ACS 2015-2019,2019,738,2.37,718,0,0,0,3,17,721,21,84,347,22.71,28501,62411,0.054,0.788
2717910,SCHLDIST,Lanesboro Public School District Minnesota,ACS 2015-2019,2019,1561,2.35,1531,5,0,0,3,22,1539,104,349,762,26.11,30933,60882,0.116,0.843
2717940,SCHLDIST,Laporte Public School District Minnesota,ACS 2015-2019,2019,1642,2.39,1471,1,122,5,24,19,1623,84,318,738,27.95,30788,58015,0.101,0.886
2718060,SCHLDIST,LeRoy-Ostrander Public Schools Minnesota,ACS 2015-2019,2019,2077,2.37,1917,6,8,11,50,85,1992,124,237,953,26.24,31455,55179,0.079,0.806
2718070,SCHLDIST,Le Sueur-Henderson School District Minnesota,ACS 2015-2019,2019,7358,2.47,6392,86,3,36,86,747,6611,380,1070,3907,25.18,33052,67635,0.097,0.753
2718090,SCHLDIST,Lewiston-Altura Public School District Minnesota,ACS 2015-2019,2019,4337,2.82,3944,30,0,22,119,222,4115,252,669,2341,24.36,32228,71357,0.098,0.801
2718210,SCHLDIST,Litchfield Public School District Minnesota,ACS 2015-2019,2019,11492,2.4,10584,75,13,25,88,707,10785,584,1616,5688,20.12,33606,62549,0.066,0.783
2718240,SCHLDIST,Little Falls Public School District Minnesota,ACS 2015-2019,2019,17127,2.35,16239,171,19,100,194,354,16773,1118,2283,8373,23.38,29838,52722,0.116,0.73
2718270,SCHLDIST,Littlefork-Big Falls School District Minnesota,ACS 2015-2019,2019,1647,2.09,1606,0,6,1,11,23,1624,119,137,695,29.03,29280,52750,0.146,0.861
2718330,SCHLDIST,Luverne Public School District Minnesota,ACS 2015-2019,2019,6810,2.32,6350,29,29,90,45,267,6543,296,1171,3365,17.52,32025,61659,0.094,0.741
2718360,SCHLDIST,Lyle Public School District Minnesota,ACS 2015-2019,2019,1083,2.41,999,16,2,1,42,23,1060,64,113,500,23.07,26767,53000,0.194,0.82
2718540,SCHLDIST,Mabel-Canton Public School District Minnesota,ACS 2015-2019,2019,2537,2.46,2426,39,0,9,0,63,2474,298,224,1189,30.47,24736,56875,0.178,0.817
2718570,SCHLDIST,Madelia Public School District Minnesota,ACS 2015-2019,2019,3633,2.65,2735,87,0,20,68,723,2910,357,465,1969,19.16,28898,55183,0.13,0.714
2718660,SCHLDIST,Mahnomen Public School District Minnesota,ACS 2015-2019,2019,3851,2.78,1551,3,1668,18,433,178,3673,333,277,1407,17.36,20287,41194,0.272,0.614
2718750,SCHLDIST,Mahtomedi Public School District Minnesota,ACS 2015-2019,2019,14388,2.58,13357,492,24,178,110,227,14161,259,5247,7190,25.68,60471,112031,0.06,0.823
2718780,SCHLDIST,Mankato Public School District Minnesota,ACS 2015-2019,2019,66450,2.39,57415,3060,164,1575,1708,2466,63984,1882,14864,36703,16.8,30633,56844,0.182,0.598
2718810,SCHLDIST,Maple Lake Public School District Minnesota,ACS 2015-2019,2019,5118,2.65,4904,23,8,6,121,35,5083,231,672,2667,31.68,36472,77226,0.072,0.862
2718920,SCHLDIST,Grygla Public School District Minnesota,ACS 2015-2019,2019,965,2.44,926,0,4,23,8,4,961,56,108,514,32.55,28787,56667,0.059,0.891
2718940,SCHLDIST,Marshall Public School District Minnesota,ACS 2015-2019,2019,15539,2.43,12301,838,36,846,220,1296,14243,851,2783,7948,11.98,29239,53890,0.178,0.587
2718960,SCHLDIST,Martin County West School District Minnesota,ACS 2015-2019,2019,4495,2.33,4299,29,23,19,57,65,4430,264,540,2349,20.19,31366,57663,0.097,0.792
2719170,SCHLDIST,McGregor Public School District Minnesota,ACS 2015-2019,2019,4127,2.06,3826,9,175,17,50,50,4077,347,568,1715,30.33,30063,48681,0.133,0.834
2719320,SCHLDIST,Medford Public School District Minnesota,ACS 2015-2019,2019,3189,2.83,2581,21,2,14,8,559,2630,194,393,1668,20.85,31486,76445,0.076,0.85
2720550,SCHLDIST,Melrose Public School District Minnesota,ACS 2015-2019,2019,9210,2.65,8291,26,0,9,67,782,8428,759,882,4805,19.92,29570,66315,0.057,0.827
2720580,SCHLDIST,Menahga Public School District Minnesota,ACS 2015-2019,2019,3744,2.63,3575,7,8,48,77,29,3715,246,347,1497,26.32,23126,52466,0.12,0.849
2720670,SCHLDIST,Milaca Public School District Minnesota,ACS 2015-2019,2019,11754,2.6,11103,34,44,86,269,217,11537,710,1143,5544,33.84,28394,61657,0.096,0.81
2721240,SCHLDIST,Minneapolis Public School District Minnesota,ACS 2015-2019,2019,420280,2.28,252154,79434,4804,24935,17492,40432,379848,28146,141463,238155,23.22,38808,62582,0.191,0.472
2721270,SCHLDIST,Minneota Public School District Minnesota,ACS 2015-2019,2019,2589,2.45,2428,13,0,18,17,113,2476,107,393,1423,20.97,30938,68000,0.059,0.848
2721320,SCHLDIST,Montevideo Public School District Minnesota,ACS 2015-2019,2019,7148,2.14,6249,83,52,102,83,579,6569,533,995,3759,18.39,32998,52978,0.087,0.641
2721390,SCHLDIST,Monticello Public School District Minnesota,ACS 2015-2019,2019,21633,2.76,19470,194,76,188,564,1140,20493,1092,3203,11192,28.2,34610,77030,0.052,0.793
2721420,SCHLDIST,Moorhead Public School District Minnesota,ACS 2015-2019,2019,47035,2.43,40259,2192,676,823,940,2145,44890,1437,10285,25245,18.15,29546,62879,0.144,0.622
2721450,SCHLDIST,Moose Lake Public School District Minnesota,ACS 2015-2019,2019,5773,2.27,4785,431,152,25,265,115,5658,485,763,1977,25.47,21914,56646,0.239,0.792
2721480,SCHLDIST,Mora Public School District Minnesota,ACS 2015-2019,2019,10763,2.46,10233,17,52,43,254,164,10599,701,1314,5055,29.28,28498,56620,0.098,0.829
2722920,SCHLDIST,Westonka Public School District Minnesota,ACS 2015-2019,2019,19696,2.36,18732,118,0,336,408,102,19594,274,7285,11165,28.39,70168,109933,0.043,0.746
2722950,SCHLDIST,Mounds View Public School District Minnesota,ACS 2015-2019,2019,79549,2.5,62790,4099,261,6170,2447,3673,75876,2174,27789,40961,23.5,43317,83289,0.07,0.743
2723010,SCHLDIST,Mountain Lake Public Schools Minnesota,ACS 2015-2019,2019,2952,2.36,2281,32,8,307,92,232,2720,296,303,1239,15.16,23399,49194,0.154,0.703
2723310,SCHLDIST,Nashwauk-Keewatin School District Minnesota,ACS 2015-2019,2019,4070,2.18,3771,28,45,18,89,94,3976,239,499,1721,27.25,30218,54240,0.152,0.829
2723370,SCHLDIST,Nevis Public School District Minnesota,ACS 2015-2019,2019,2602,2.35,2558,20,11,0,2,11,2591,75,612,1046,25.37,30729,58015,0.046,0.918
2723400,SCHLDIST,New London-Spicer School District Minnesota,ACS 2015-2019,2019,9294,2.4,8989,16,0,34,73,178,9116,343,2027,4999,21.44,40420,73772,0.045,0.873
2723430,SCHLDIST,New Prague Area Schools Minnesota,ACS 2015-2019,2019,20541,2.96,19120,137,136,335,352,461,20080,601,4060,11319,30.37,37848,99579,0.042,0.871
2723490,SCHLDIST,New Ulm Public School District Minnesota,ACS 2015-2019,2019,19103,2.25,17878,153,26,167,190,687,18416,766,3202,10590,15.23,33131,67412,0.062,0.797
2723520,SCHLDIST,New York Mills Public School District Minnesota,ACS 2015-2019,2019,3645,2.57,3526,10,27,1,8,69,3576,168,369,1809,20.5,25860,58207,0.096,0.798
2723550,SCHLDIST,Marshall County Central Schools Minnesota,ACS 2015-2019,2019,2109,2.45,2021,0,6,19,37,22,2087,118,217,1195,25.79,32487,62583,0.042,0.856
2723580,SCHLDIST,Nicollet Public School District Minnesota,ACS 2015-2019,2019,2466,2.59,2290,0,0,3,0,173,2293,63,347,1347,21.28,35005,79258,0.091,0.845
2723820,SCHLDIST,North Branch Public Schools Minnesota,ACS 2015-2019,2019,20816,2.71,19415,145,106,332,369,447,20369,886,2711,11230,33.58,34263,82279,0.063,0.891
2723850,SCHLDIST,North St. Paul-Maplewood-Oakdale School District Minnesota,ACS 2015-2019,2019,80380,2.53,54632,7627,184,9027,3034,5670,74710,4366,18480,42488,24.8,35651,71746,0.077,0.73
2723880,SCHLDIST,Northfield Public School District Minnesota,ACS 2015-2019,2019,28905,2.47,24905,443,67,838,644,2004,26901,613,7071,15842,23.18,34638,78384,0.073,0.754
2723910,SCHLDIST,Central Public School District Minnesota,ACS 2015-2019,2019,8578,2.66,7812,316,45,58,184,163,8415,177,1461,4768,28.71,34421,80871,0.042,0.797
2723970,SCHLDIST,Ogilvie Public School District Minnesota,ACS 2015-2019,2019,3558,2.51,3325,21,16,42,96,58,3500,270,262,1752,35.39,28191,61635,0.115,0.867
2725050,SCHLDIST,Onamia Public School District Minnesota,ACS 2015-2019,2019,5355,2.35,3817,58,972,21,316,158,5197,570,580,2055,29.01,25572,48147,0.184,0.748
2725080,SCHLDIST,Orono Public School District Minnesota,ACS 2015-2019,2019,12278,2.55,11120,271,0,279,330,278,12000,276,4754,6090,25.45,82532,118237,0.055,0.833
2725140,SCHLDIST,Osakis Public School District Minnesota,ACS 2015-2019,2019,3992,2.32,3914,0,10,2,30,36,3956,179,526,1871,22.59,29901,55392,0.086,0.814
2725200,SCHLDIST,Osseo Public School District Minnesota,ACS 2015-2019,2019,146643,2.68,92406,24894,464,18159,4743,5611,141032,6211,42044,79064,25.78,41284,88580,0.062,0.778
2728050,SCHLDIST,Owatonna Public School District Minnesota,ACS 2015-2019,2019,29481,2.42,25415,1099,118,412,318,2119,27362,1369,5498,15060,16.93,33277,64293,0.085,0.735
2728080,SCHLDIST,Park Rapids Public School District Minnesota,ACS 2015-2019,2019,12305,2.34,11431,92,197,19,199,362,11943,653,2291,5231,21.16,29454,53882,0.143,0.747
2728110,SCHLDIST,Parkers Prairie Public School District Minnesota,ACS 2015-2019,2019,2916,2.43,2895,0,4,1,11,5,2911,159,330,1495,26.93,28406,62539,0.095,0.876
2728140,SCHLDIST,Paynesville Public School District Minnesota,ACS 2015-2019,2019,6088,2.43,5681,27,10,53,56,236,5852,478,869,3292,23.39,32211,63475,0.083,0.825
2728170,SCHLDIST,Pelican Rapids Public School District Minnesota,ACS 2015-2019,2019,7416,2.44,5862,316,22,166,138,912,6504,680,1351,3589,24.93,35418,66884,0.114,0.846
2728200,SCHLDIST,Pequot Lakes Public Schools Minnesota,ACS 2015-2019,2019,10085,2.34,9935,26,2,9,34,79,10006,172,2475,4746,21.87,36320,62484,0.077,0.861
2728230,SCHLDIST,Perham-Dent Public School District Minnesota,ACS 2015-2019,2019,11041,2.22,10369,63,56,47,116,390,10651,617,2217,5431,23.76,34712,58302,0.085,0.795
2728290,SCHLDIST,Rushford-Peterson Public Schools Minnesota,ACS 2015-2019,2019,3923,2.44,3744,4,0,10,27,122,3801,237,677,1976,24.45,29608,60676,0.072,0.832
2728320,SCHLDIST,Pierz Public School District Minnesota,ACS 2015-2019,2019,5613,2.71,5477,4,3,21,50,58,5555,364,533,2718,28.21,28356,61847,0.09,0.829
2728350,SCHLDIST,Pillager Public School District Minnesota,ACS 2015-2019,2019,5184,2.32,4934,8,16,3,38,185,4999,325,941,2667,28.99,36024,66786,0.082,0.888
2728380,SCHLDIST,Pine City Public School District Minnesota,ACS 2015-2019,2019,10846,2.58,10315,78,13,63,231,142,10704,623,1393,5197,32.53,29601,57847,0.085,0.812
2728950,SCHLDIST,Pine Island Public School District Minnesota,ACS 2015-2019,2019,6702,2.57,6434,81,3,64,83,32,6670,215,1723,3620,24.58,37302,81929,0.055,0.809
2728970,SCHLDIST,Pine River-Backus Public School District Minnesota,ACS 2015-2019,2019,7859,2.18,7435,47,111,81,57,125,7734,530,1111,3474,23.36,27301,47589,0.122,0.815
2730030,SCHLDIST,Princeton Public School District Minnesota,ACS 2015-2019,2019,21012,2.75,20181,38,105,132,239,317,20695,1081,2566,10775,34.96,31687,75448,0.077,0.842
2730060,SCHLDIST,Prior Lake-Savage Area Schools Minnesota,ACS 2015-2019,2019,45526,2.84,39709,863,127,2398,987,1346,44180,828,14166,24792,27.28,48383,114615,0.039,0.855
2730090,SCHLDIST,Proctor Public School District Minnesota,ACS 2015-2019,2019,12731,2.34,11981,60,192,59,190,243,12488,504,2155,6539,22.12,34294,70170,0.048,0.877
2730150,SCHLDIST,Randolph Public School District Minnesota,ACS 2015-2019,2019,2386,2.67,2337,0,3,5,17,24,2362,82,393,1363,26.28,39295,92232,0.043,0.928
2730450,SCHLDIST,Red Lake Falls Public School District Minnesota,ACS 2015-2019,2019,2129,2.19,1972,1,21,0,47,88,2041,84,282,1095,21.79,31014,56635,0.114,0.814
2730480,SCHLDIST,Red Wing Public School District Minnesota,ACS 2015-2019,2019,19052,2.21,16662,462,327,133,474,993,18059,778,3606,9193,21.31,33597,59583,0.125,0.691
2730510,SCHLDIST,Red Lake Public School District Minnesota,ACS 2015-2019,2019,5815,4.07,116,24,5521,6,56,92,5723,626,180,1540,24.48,11818,39676,0.312,0.523
2730870,SCHLDIST,Northland Community Schools Minnesota,ACS 2015-2019,2019,4482,1.96,3879,21,417,27,109,28,4454,214,813,1439,26.89,30598,47981,0.138,0.867
2731750,SCHLDIST,Richfield Public School District Minnesota,ACS 2015-2019,2019,41509,2.22,25704,4457,84,3146,1377,6597,34912,2719,13546,22766,22.19,37915,64628,0.096,0.574
2731780,SCHLDIST,Robbinsdale Public School District Minnesota,ACS 2015-2019,2019,102910,2.39,70119,16432,336,4287,3609,7926,94984,5083,29068,55742,24.1,38775,69714,0.091,0.655
2731800,SCHLDIST,Rochester Public School District Minnesota,ACS 2015-2019,2019,128647,2.42,98933,9206,366,8820,3919,7099,121548,4946,40820,67899,16.91,41515,75418,0.095,0.703
2732070,SCHLDIST,Rockford Public School District Minnesota,ACS 2015-2019,2019,9878,2.81,8751,24,0,198,79,826,9052,375,2150,5281,29.46,40346,82619,0.056,0.858
2732250,SCHLDIST,Roseau Public School District Minnesota,ACS 2015-2019,2019,6752,2.47,6443,56,41,38,73,98,6654,329,1086,3585,16.5,32760,63134,0.063,0.795
2732390,SCHLDIST,Rosemount-Apple Valley-Eagan Minnesota,ACS 2015-2019,2019,153845,2.69,118252,11691,150,9938,5029,8590,145255,4045,49974,84996,25.6,44721,96642,0.05,0.784
2732430,SCHLDIST,Roseville Public School District Minnesota,ACS 2015-2019,2019,57474,2.31,40044,5023,207,7203,2103,2742,54732,2793,20143,30001,22.05,38583,68124,0.102,0.634
2732460,SCHLDIST,Rothsay Public School District Minnesota,ACS 2015-2019,2019,1054,2.39,1014,9,3,0,11,17,1037,39,149,560,28.1,28541,63906,0.05,0.864
2732520,SCHLDIST,Royalton Public School District Minnesota,ACS 2015-2019,2019,3829,2.58,3692,7,17,22,56,35,3794,199,463,2028,26.9,30600,67188,0.088,0.809
2732550,SCHLDIST,Rush City Public School District Minnesota,ACS 2015-2019,2019,6432,2.52,5476,530,111,88,94,133,6299,326,596,2791,34.78,27372,66837,0.092,0.802
2732700,SCHLDIST,South Koochiching School District Minnesota,ACS 2015-2019,2019,1331,2.3,1269,3,7,15,28,9,1322,101,128,524,34.43,27062,47188,0.118,0.906
2732820,SCHLDIST,Sartell-St. Stephen School District Minnesota,ACS 2015-2019,2019,18542,2.68,17420,59,0,362,282,419,18123,268,5038,10279,23.19,40702,84069,0.023,0.727
2732850,SCHLDIST,Sauk Centre Public School District Minnesota,ACS 2015-2019,2019,7767,2.46,7226,80,71,13,59,318,7449,579,835,3658,20.32,31099,61474,0.076,0.729
2732880,SCHLDIST,Sauk Rapids-Rice Public Schools Minnesota,ACS 2015-2019,2019,24598,2.39,22858,212,36,332,518,642,23956,919,4347,12830,21.94,30927,60058,0.102,0.7
2732970,SCHLDIST,Sebeka Public School District Minnesota,ACS 2015-2019,2019,3104,2.49,3019,7,20,5,26,27,3077,216,259,1433,26.07,23197,51685,0.146,0.856
2733000,SCHLDIST,Shakopee Public School District Minnesota,ACS 2015-2019,2019,46239,2.92,31985,3219,397,4478,2079,3890,42349,2222,10470,24954,23.35,37822,90705,0.054,0.768
2733210,SCHLDIST,Sleepy Eye Public School District Minnesota,ACS 2015-2019,2019,5363,2.3,4937,16,0,1,5,397,4966,305,705,2794,19.62,29021,58750,0.082,0.817
2733270,SCHLDIST,South St. Paul Public School District Minnesota,ACS 2015-2019,2019,19886,2.49,14959,616,96,395,1054,2766,17120,1025,3631,10546,20.33,29911,64159,0.111,0.664
2733300,SCHLDIST,Spring Grove School District Minnesota,ACS 2015-2019,2019,2138,2.24,2098,14,4,0,15,7,2131,120,277,1024,22.47,28835,54135,0.114,0.765
2733330,SCHLDIST,Spring Lake Park Public Schools Minnesota,ACS 2015-2019,2019,31804,2.6,23332,1808,373,2326,1247,2718,29086,1690,6643,16573,25.17,37921,73207,0.079,0.785
2733390,SCHLDIST,Springfield Public School District Minnesota,ACS 2015-2019,2019,3198,2.29,3065,0,35,9,7,82,3116,140,384,1568,17.92,27949,58010,0.054,0.797
2733420,SCHLDIST,St. Anthony-New Brighton Schools Minnesota,ACS 2015-2019,2019,11232,2.27,8647,1101,238,547,345,345,10887,423,3868,5294,21.63,40099,72411,0.066,0.608
2733450,SCHLDIST,St. Charles Public School District Minnesota,ACS 2015-2019,2019,6087,2.88,5436,2,0,399,100,121,5966,196,1085,3147,28.76,31602,76280,0.079,0.78
2733480,SCHLDIST,St. Clair Public School District Minnesota,ACS 2015-2019,2019,2550,2.53,2445,30,0,12,22,38,2512,66,598,1520,19.25,37504,79708,0.026,0.896
2733510,SCHLDIST,St. Cloud Public School District Minnesota,ACS 2015-2019,2019,101729,2.43,79824,12198,487,3194,2750,3109,98620,5556,17828,53625,19.79,28097,52586,0.2,0.551
2733540,SCHLDIST,St. Francis Public School District Minnesota,ACS 2015-2019,2019,33061,2.86,30314,233,172,829,755,742,32319,1280,5116,18584,34.94,37434,92107,0.047,0.931
2733600,SCHLDIST,St. James Public School District Minnesota,ACS 2015-2019,2019,6239,2.43,4349,4,3,4,5,1874,4365,628,613,2947,20.02,28690,54816,0.129,0.782
2733780,SCHLDIST,St. Louis Park Public School District Minnesota,ACS 2015-2019,2019,46804,2.08,37892,3132,212,2040,1294,2055,44749,1116,21324,28656,21.77,49146,81246,0.066,0.566
2733790,SCHLDIST,St. Michael-Albertville School District Minnesota,ACS 2015-2019,2019,24348,3,21872,939,19,624,330,444,23904,499,5385,13691,32.51,36214,104656,0.014,0.812
2733810,SCHLDIST,South Washington County School District Minnesota,ACS 2015-2019,2019,101208,2.84,79870,4934,227,8524,2821,4722,96486,2211,30890,54076,24.99,44434,103307,0.031,0.824
2733840,SCHLDIST,St. Paul Public School District Minnesota,ACS 2015-2019,2019,304547,2.61,156607,48134,1956,56816,12214,28157,276390,25915,78950,154323,24.31,31242,57876,0.189,0.503
2733870,SCHLDIST,St. Peter Public School District Minnesota,ACS 2015-2019,2019,15419,2.39,13316,454,25,392,260,972,14447,884,2915,8432,18.61,27940,60611,0.141,0.713
2733900,SCHLDIST,Staples-Motley School District Minnesota,ACS 2015-2019,2019,9567,2.31,9065,40,70,13,159,220,9347,656,1099,4259,24.61,26438,48555,0.13,0.786
2738160,SCHLDIST,Stewartville Public School District Minnesota,ACS 2015-2019,2019,9211,2.6,8954,2,5,31,105,114,9097,309,1648,4670,23.96,32340,74063,0.049,0.821
2738190,SCHLDIST,Stillwater Area Public School District Minnesota,ACS 2015-2019,2019,64623,2.59,56042,2507,361,1834,1372,2427,62196,1647,21867,32427,26.55,50387,101671,0.045,0.83
2738280,SCHLDIST,Swanville Public School District Minnesota,ACS 2015-2019,2019,1759,2.46,1681,0,4,8,9,57,1702,105,205,953,26.91,30696,68281,0.065,0.854
2738850,SCHLDIST,Thief River Falls School District Minnesota,ACS 2015-2019,2019,13675,2.3,12387,143,225,157,229,525,13150,649,1905,7362,13.51,31799,60895,0.104,0.727
2738880,SCHLDIST,Esko Public School District Minnesota,ACS 2015-2019,2019,5152,2.6,5043,9,44,0,20,36,5116,30,1372,2808,26.17,36809,82961,0.015,0.936
2740665,SCHLDIST,Triton School District Minnesota,ACS 2015-2019,2019,7109,2.62,6164,20,44,55,58,759,6350,424,844,3686,24.57,30441,64235,0.083,0.797
2740680,SCHLDIST,Truman Public School District Minnesota,ACS 2015-2019,2019,2260,2.21,2167,1,0,4,14,74,2186,140,226,1150,21.64,30208,56027,0.103,0.778
2740740,SCHLDIST,Lake Superior Public School District Minnesota,ACS 2015-2019,2019,13001,2.05,12429,87,99,49,148,181,12820,470,3014,5832,22.89,35340,63732,0.081,0.837
2740810,SCHLDIST,Ulen-Hitterdal Public School District Minnesota,ACS 2015-2019,2019,1750,2.42,1649,0,6,3,22,70,1680,67,208,714,29.43,33886,63387,0.08,0.84
2740830,SCHLDIST,Underwood Public School District Minnesota,ACS 2015-2019,2019,2447,2.43,2252,49,14,3,79,45,2402,99,391,1230,30.14,31881,70239,0.113,0.897
2740860,SCHLDIST,Upsala Public School District Minnesota,ACS 2015-2019,2019,2091,2.65,2014,0,0,0,4,73,2018,131,180,1168,32.37,29956,64542,0.082,0.834
2740920,SCHLDIST,Verndale Public School District Minnesota,ACS 2015-2019,2019,1671,2.32,1582,2,36,8,13,28,1643,75,164,829,21.17,28407,49688,0.119,0.819
2741040,SCHLDIST,Virginia Public School District Minnesota,ACS 2015-2019,2019,10812,1.95,10026,65,289,14,246,172,10640,600,1585,4879,17.8,29936,45000,0.209,0.619
2741060,SCHLDIST,Wabasha-Kellogg Public School District Minnesota,ACS 2015-2019,2019,5077,2.21,4925,0,26,17,54,55,5022,261,909,2421,25.95,33673,60321,0.063,0.816
2741430,SCHLDIST,Wabasso Public School District Minnesota,ACS 2015-2019,2019,2435,2.44,2303,16,0,19,42,42,2393,109,344,1189,19.13,28810,56607,0.059,0.844
2741460,SCHLDIST,Waconia Public School District Minnesota,ACS 2015-2019,2019,21216,2.78,19968,128,17,292,298,506,20710,415,6483,11285,28.11,42872,102405,0.031,0.848
2741850,SCHLDIST,Warroad Public School District Minnesota,ACS 2015-2019,2019,5829,2.58,5103,0,218,338,93,77,5752,253,727,3187,15.18,28785,60833,0.086,0.815
2741880,SCHLDIST,Waseca Public School District Minnesota,ACS 2015-2019,2019,12001,2.31,10338,355,125,83,158,942,11059,654,1770,5699,19.3,29935,53412,0.1,0.735
2741910,SCHLDIST,Watertown-Mayer Public School District Minnesota,ACS 2015-2019,2019,9820,2.73,9439,23,29,36,147,146,9674,334,1785,5470,31.29,36697,89612,0.046,0.843
2742120,SCHLDIST,Waubun-Ogema-White Earth Public Schools Minnesota,ACS 2015-2019,2019,3344,2.78,1477,9,1323,36,397,102,3242,211,385,1295,24.2,22900,50096,0.208,0.783
2742160,SCHLDIST,Wayzata Public School District Minnesota,ACS 2015-2019,2019,71654,2.6,55045,3087,119,8714,1644,2749,68905,757,31272,36525,23.52,63242,119222,0.029,0.716
2742270,SCHLDIST,West St. Paul-Mendota Heights-Eagan Minnesota,ACS 2015-2019,2019,43486,2.31,31570,2745,68,2348,1177,5542,37944,1829,14159,22630,22.15,44001,71592,0.095,0.63
2742330,SCHLDIST,Wheaton Area Public School District Minnesota,ACS 2015-2019,2019,2106,1.88,1972,17,17,0,23,77,2029,129,323,1056,14.23,34490,48197,0.106,0.836
2742360,SCHLDIST,White Bear Lake School District Minnesota,ACS 2015-2019,2019,66766,2.47,58615,1948,70,2195,1260,2662,64104,1588,19186,34824,26.12,42376,85080,0.046,0.775
2742720,SCHLDIST,Willmar Public School District Minnesota,ACS 2015-2019,2019,25930,2.5,17977,2253,86,343,401,4841,21089,2453,3631,12750,14,27116,53516,0.136,0.659
2742750,SCHLDIST,Willow River Public School District Minnesota,ACS 2015-2019,2019,3510,2.54,3221,74,47,6,77,79,3431,321,267,1425,35.09,25475,51905,0.116,0.888
2742780,SCHLDIST,Windom Public School District Minnesota,ACS 2015-2019,2019,6065,2.23,5231,67,0,140,41,586,5479,461,977,2972,15.64,28877,51373,0.097,0.784
2744070,SCHLDIST,Winona Area Public School District Minnesota,ACS 2015-2019,2019,39485,2.3,36146,587,159,900,523,1147,38338,1593,7433,21988,16.04,29157,54680,0.142,0.682
2744160,SCHLDIST,Worthington Public School District Minnesota,ACS 2015-2019,2019,16173,2.74,7745,838,66,1409,302,5813,10360,3006,1562,7555,15.1,24007,53845,0.153,0.653
2744190,SCHLDIST,Wrenshall Public School District Minnesota,ACS 2015-2019,2019,1998,2.46,1812,3,97,2,67,17,1981,74,294,919,29.56,31708,69632,0.071,0.886
2745735,SCHLDIST,Zumbrota-Mazeppa School District Minnesota,ACS 2015-2019,2019,7069,2.44,6819,16,0,100,22,112,6957,224,1339,3712,25.28,36164,76250,0.075,0.823
2791445,SCHLDIST,Lake Crystal-Wellcome Memorial Minnesota,ACS 2015-2019,2019,6373,2.46,6197,20,7,11,27,107,6266,292,1205,3449,23.47,34057,69521,0.051,0.822
2791446,SCHLDIST,Tri-County School District Minnesota,ACS 2015-2019,2019,1973,2.05,1858,51,21,15,21,3,1970,134,366,943,25.93,27983,49655,0.152,0.792
2791447,SCHLDIST,Kittson Central School District Minnesota,ACS 2015-2019,2019,1949,2.21,1879,13,1,14,19,23,1926,40,403,1099,19.75,33929,63431,0.086,0.85
2791448,SCHLDIST,Norman County West School District Minnesota,ACS 2015-2019,2019,1394,2.14,1235,24,32,0,20,83,1311,122,185,706,25.47,29577,49048,0.108,0.83
2791449,SCHLDIST,Win-E-Mac School District Minnesota,ACS 2015-2019,2019,3247,2.34,3070,3,48,23,26,77,3170,293,405,1502,24.2,28661,53287,0.099,0.797
2791450,SCHLDIST,Mesabi East School District Minnesota,ACS 2015-2019,2019,7212,2.19,6932,4,51,63,116,46,7166,405,964,2993,28.74,30560,56392,0.136,0.87
2791451,SCHLDIST,Janesville-Waldorf-Pemberton Minnesota,ACS 2015-2019,2019,5135,2.62,4849,90,6,30,42,118,5017,205,838,2738,23.99,31207,71581,0.082,0.873
2799999,SCHLDIST,Remainder of Minnesota Minnesota,ACS 2015-2019,2019,7703,2.34,6093,129,866,68,171,376,7327,421,889,3715,22.26,29017,53750,0.138,0.736
5500300,SCHLDIST,Amery School District Wisconsin,ACS 2015-2019,2019,9236,2.35,8805,38,37,45,170,141,9095,447,1369,4437,27.58,31026,61591,0.07,0.824
5500720,SCHLDIST,Baldwin-Woodville Area School District Wisconsin,ACS 2015-2019,2019,8721,2.42,8281,44,21,38,66,271,8450,349,1424,4693,26.97,31577,66961,0.057,0.741
5500750,SCHLDIST,Unity School District Wisconsin,ACS 2015-2019,2019,7342,2.27,6814,42,264,8,75,139,7203,429,991,3371,29.53,29470,53000,0.108,0.771
5501590,SCHLDIST,Boyceville Community School District Wisconsin,ACS 2015-2019,2019,4565,2.45,4391,6,11,17,37,100,4465,297,656,2172,32.14,30228,55658,0.093,0.827
5502580,SCHLDIST,Clayton School District Wisconsin,ACS 2015-2019,2019,1738,2.35,1710,0,7,0,0,21,1717,78,211,899,26.65,29556,60556,0.062,0.808
5502610,SCHLDIST,Clear Lake School District Wisconsin,ACS 2015-2019,2019,3482,2.5,3385,0,7,13,47,30,3452,107,334,1813,27.62,29133,62283,0.106,0.818
5503090,SCHLDIST,Cumberland School District Wisconsin,ACS 2015-2019,2019,5881,2.3,5296,25,115,3,62,374,5507,487,1025,2671,22.39,30577,50884,0.091,0.814
5503840,SCHLDIST,Durand School District Wisconsin,ACS 2015-2019,2019,7739,2.43,7363,16,10,24,52,274,7465,545,1024,3824,25.55,30940,57319,0.104,0.793
5504320,SCHLDIST,Ellsworth Community School District Wisconsin,ACS 2015-2019,2019,11231,2.49,10755,25,24,24,147,256,10975,493,1672,6081,29.84,35460,76976,0.055,0.802
5504350,SCHLDIST,Elmwood School District Wisconsin,ACS 2015-2019,2019,2022,2.29,1989,2,4,0,5,22,2000,79,299,1064,29.07,30774,59808,0.102,0.757
5504860,SCHLDIST,Frederic School District Wisconsin,ACS 2015-2019,2019,3480,2.19,3236,19,13,35,40,135,3345,255,523,1599,27.92,29210,48561,0.118,0.777
5505520,SCHLDIST,Glenwood City School District Wisconsin,ACS 2015-2019,2019,3891,2.5,3718,0,55,3,56,36,3855,180,462,2079,30.54,30852,67132,0.086,0.808
5505670,SCHLDIST,Grantsburg School District Wisconsin,ACS 2015-2019,2019,4921,2.2,4610,21,40,13,161,76,4845,215,657,2373,29.54,28144,56825,0.1,0.803
5506060,SCHLDIST,St. Croix Central School District Wisconsin,ACS 2015-2019,2019,7983,2.72,7443,35,36,128,151,188,7795,212,1540,4527,30.73,35593,88980,0.053,0.804
5506690,SCHLDIST,Hudson School District Wisconsin,ACS 2015-2019,2019,31398,2.53,29261,382,12,304,550,878,30520,607,10073,17545,25.62,46370,95964,0.057,0.755
5508280,SCHLDIST,Luck School District Wisconsin,ACS 2015-2019,2019,3481,2.2,3227,6,14,81,82,71,3410,161,514,1619,31.27,30151,57851,0.106,0.793
5509090,SCHLDIST,Menomonie Area School District Wisconsin,ACS 2015-2019,2019,27311,2.35,25284,257,50,846,555,299,27012,874,4951,14197,19.24,26665,54806,0.138,0.593
5510620,SCHLDIST,New Richmond School District Wisconsin,ACS 2015-2019,2019,17774,2.52,16836,141,15,171,316,295,17479,554,3269,9745,27.23,35309,75739,0.046,0.729
5511160,SCHLDIST,Osceola School District Wisconsin,ACS 2015-2019,2019,9018,2.41,8550,40,12,43,77,287,8731,246,1735,4859,30.64,33999,69375,0.063,0.783
5511580,SCHLDIST,Pepin Area School District Wisconsin,ACS 2015-2019,2019,2028,2.18,1958,8,7,14,22,19,2009,94,390,1076,30.43,31536,55844,0.081,0.821
5511880,SCHLDIST,Plum City School District Wisconsin,ACS 2015-2019,2019,1662,2.47,1610,0,0,0,0,45,1617,98,206,797,34.18,28590,57813,0.059,0.777
5512240,SCHLDIST,Prescott School District Wisconsin,ACS 2015-2019,2019,7871,2.63,7459,31,7,205,60,109,7762,189,1579,4394,27.67,39229,88547,0.054,0.833
5513050,SCHLDIST,River Falls School District Wisconsin,ACS 2015-2019,2019,24620,2.53,22928,210,76,309,470,605,24015,504,5876,13625,23.17,33917,72336,0.104,0.655
5513230,SCHLDIST,St. Croix Falls School District Wisconsin,ACS 2015-2019,2019,7176,2.35,6864,38,17,43,40,155,7021,246,1135,3435,31.59,30518,60429,0.09,0.76
5513710,SCHLDIST,Shell Lake School District Wisconsin,ACS 2015-2019,2019,3406,2.32,3233,7,42,11,68,45,3361,175,503,1456,22.81,26467,47279,0.136,0.811
5513890,SCHLDIST,Siren School District Wisconsin,ACS 2015-2019,2019,2891,2.11,2489,17,233,10,97,45,2846,150,435,1180,26.02,26964,49250,0.193,0.764
5514010,SCHLDIST,Somerset School District Wisconsin,ACS 2015-2019,2019,8492,2.88,7801,49,7,186,310,124,8368,172,1629,4359,29.85,35378,89196,0.043,0.837
5514340,SCHLDIST,Spring Valley School District Wisconsin,ACS 2015-2019,2019,4455,2.67,4330,3,7,26,34,51,4404,130,709,2242,31.34,32200,73200,0.086,0.834
5515060,SCHLDIST,Turtle Lake School District Wisconsin,ACS 2015-2019,2019,3219,2.32,3049,5,23,25,70,47,3172,202,400,1489,28.36,28516,51932,0.12,0.738
