﻿Year,CountyFIPS,DistrictNumber,DistrictType,DistrictName,AmericanIndian,AsianPI,Black,Hispanic,White,MultiRace,Total
18-19,1,1,1,AITKIN PUBLIC SCHOOL DISTRICT,,,5,,61,,
18-19,27,1,3,Minneapolis Public School District,327,50,4845,470,520,276,6488
18-19,1,2,1,HILL CITY PUBLIC SCHOOL DISTRICT,,,,,,,
18-19,1,4,1,MCGREGOR PUBLIC SCHOOL DISTRICT,,,,,,,
18-19,19,6,3,South St. Paul Public School Dist,5,,78,127,167,52,
18-19,2,11,1,ANOKA-HENNEPIN PUBLIC SCHOOL DIST.,44,42,781,197,1109,306,2479
18-19,2,12,1,CENTENNIAL PUBLIC SCHOOL DISTRICT,7,8,43,38,224,28,348
18-19,2,13,1,COLUMBIA HEIGHTS PUBLIC SCHOOL DIST,7,,198,25,30,39,
18-19,2,14,1,FRIDLEY PUBLIC SCHOOL DISTRICT,12,,242,15,42,25,
18-19,2,15,1,St. Francis Area Schools,5,6,9,8,99,7,134
18-19,2,16,1,SPRING LAKE PARK PUBLIC SCHOOLS,16,19,179,99,207,64,584
18-19,3,22,1,DETROIT LAKES PUBLIC SCHOOL DIST.,17,,,,41,5,
18-19,3,23,1,FRAZEE-VERGAS PUBLIC SCHOOL DIST.,12,,,,40,,
18-19,4,31,1,BEMIDJI PUBLIC SCHOOL DISTRICT,195,,16,24,221,87,
18-19,4,32,1,BLACKDUCK PUBLIC SCHOOL DISTRICT,16,,,,84,10,
18-19,4,38,1,RED LAKE PUBLIC SCHOOL DISTRICT,295,,,,,,
18-19,5,47,1,SAUK RAPIDS-RICE PUBLIC SCHOOLS,5,,28,13,226,28,
18-19,5,51,1,FOLEY PUBLIC SCHOOL DISTRICT,,,,,112,,
18-19,7,75,1,ST. CLAIR PUBLIC SCHOOL DISTRICT,,,,,,,
18-19,7,77,1,MANKATO PUBLIC SCHOOL DISTRICT,16,,157,41,203,38,
18-19,8,81,1,COMFREY PUBLIC SCHOOL DISTRICT,,,,,,,
18-19,8,84,1,SLEEPY EYE PUBLIC SCHOOL DISTRICT,,,,,6,,
18-19,8,85,1,SPRINGFIELD PUBLIC SCHOOL DISTRICT,,,,,11,,
18-19,8,88,1,NEW ULM PUBLIC SCHOOL DISTRICT,,,,6,60,,
18-19,9,91,1,BARNUM PUBLIC SCHOOL DISTRICT,,,,,17,,
18-19,9,93,1,CARLTON PUBLIC SCHOOL DISTRICT,,,,,8,,
18-19,9,94,1,CLOQUET PUBLIC SCHOOL DISTRICT,38,,,,28,22,
18-19,9,95,1,CROMWELL-WRIGHT PUBLIC SCHOOLS,,,,,10,,
18-19,9,97,1,MOOSE LAKE PUBLIC SCHOOL DISTRICT,,,,,20,,
18-19,9,99,1,ESKO PUBLIC SCHOOL DISTRICT,,,,,11,,
18-19,9,100,1,WRENSHALL PUBLIC SCHOOL DISTRICT,,,,,8,,
18-19,10,108,1,CENTRAL PUBLIC SCHOOL DISTRICT,,,,,9,,
18-19,10,110,1,WACONIA PUBLIC SCHOOL DISTRICT,,,,11,80,,
18-19,10,111,1,Watertown-Mayer Public School Dist,,,,5,29,5,
18-19,10,112,1,EASTERN CARVER COUNTY PUBLIC SCHOOL,8,,50,23,103,9,
18-19,11,113,1,WALKER-HACKENSACK-AKELEY SCHL. DIST,31,,,5,15,5,
18-19,11,115,1,CASS LAKE-BENA PUBLIC SCHOOLS,291,,,,13,,
18-19,11,116,1,PILLAGER PUBLIC SCHOOL DISTRICT,,,,6,68,,
18-19,11,118,1,NORTHLAND COMMUNITY SCHOOLS,13,,,,14,5,
18-19,12,129,1,MONTEVIDEO PUBLIC SCHOOL DISTRICT,,,,14,12,,
18-19,13,138,1,NORTH BRANCH PUBLIC SCHOOLS,,,7,,59,,
18-19,13,139,1,RUSH CITY PUBLIC SCHOOL DISTRICT,,,,,,,
18-19,14,146,1,BARNESVILLE PUBLIC SCHOOL DIST.,,,,,11,,
18-19,14,150,1,HAWLEY PUBLIC SCHOOL DISTRICT,,,,,9,,
18-19,14,152,1,MOORHEAD PUBLIC SCHOOL DISTRICT,28,,79,73,135,28,
18-19,66,160,70,MINNESOTA STATE ACADEMIES,,,,,,,
18-19,15,162,1,BAGLEY PUBLIC SCHOOL DISTRICT,103,,,,75,9,
18-19,16,166,1,COOK COUNTY PUBLIC SCHOOLS,23,5,,,8,,
18-19,17,173,1,MOUNTAIN LAKE PUBLIC SCHOOLS,,,,,10,,
18-19,17,177,1,WINDOM PUBLIC SCHOOL DISTRICT,,,,6,7,,
18-19,18,181,1,BRAINERD PUBLIC SCHOOL DISTRICT,,,5,,60,6,
18-19,18,182,1,CROSBY-IRONTON PUBLIC SCHOOL DIST.,,,,,9,,
18-19,18,186,1,PEQUOT LAKES PUBLIC SCHOOLS,,,,,55,,
18-19,19,191,1,BURNSVILLE PUBLIC SCHOOL DISTRICT,24,18,334,201,106,94,777
18-19,19,192,1,FARMINGTON PUBLIC SCHOOL DISTRICT,,,27,31,119,28,
18-19,19,194,1,LAKEVILLE PUBLIC SCHOOL DISTRICT,,16,29,33,150,20,
18-19,19,195,1,RANDOLPH PUBLIC SCHOOL DISTRICT,,,,,19,,
18-19,19,196,1,ROSEMOUNT-APPLE VALLEY-EAGAN,7,23,247,114,342,80,813
18-19,19,197,1,West St. Paul-Mendota Heights-Eagan,7,,64,88,84,30,
18-19,19,199,1,INVER GROVE HEIGHTS SCHOOLS,,,83,119,69,35,
18-19,19,200,1,HASTINGS PUBLIC SCHOOL DISTRICT,7,,24,13,209,29,
18-19,20,203,1,HAYFIELD PUBLIC SCHOOL DISTRICT,,,,,10,,
18-19,20,204,1,KASSON-MANTORVILLE SCHOOL DISTRICT,,,,,30,,
18-19,21,206,1,ALEXANDRIA PUBLIC SCHOOL DISTRICT,,,,13,103,,
18-19,21,213,1,OSAKIS PUBLIC SCHOOL DISTRICT,,,,,,,
18-19,55,227,1,CHATFIELD PUBLIC SCHOOLS,,,,,16,,
18-19,23,238,1,MABEL-CANTON PUBLIC SCHOOL DIST.,,,,,6,,
18-19,23,239,1,RUSHFORD-PETERSON PUBLIC SCHOOLS,,,,,6,,
18-19,24,241,1,ALBERT LEA PUBLIC SCHOOL DISTRICT,,,15,39,92,5,
18-19,24,242,1,ALDEN-CONGER PUBLIC SCHOOL DISTRICT,,,,,10,,
18-19,25,252,1,CANNON FALLS PUBLIC SCHOOL DISTRICT,,,,,25,,
18-19,25,253,1,GOODHUE PUBLIC SCHOOL DISTRICT,,,,,9,,
18-19,25,255,1,Pine Island Public School District,,,,,44,,
18-19,25,256,1,Red Wing Public School District,23,,17,26,118,29,
18-19,26,261,1,ASHBY PUBLIC SCHOOL DISTRICT,,,,,,,
18-19,27,270,1,HOPKINS PUBLIC SCHOOL DISTRICT,,,118,25,56,29,
18-19,27,271,1,BLOOMINGTON PUBLIC SCHOOL DISTRICT,,7,107,63,82,30,
18-19,27,272,1,EDEN PRAIRIE PUBLIC SCHOOL DISTRICT,,9,108,25,63,15,
18-19,27,273,1,EDINA PUBLIC SCHOOL DISTRICT,,14,70,7,102,9,
18-19,27,276,1,MINNETONKA PUBLIC SCHOOL DISTRICT,,11,38,25,176,9,
18-19,27,277,1,WESTONKA PUBLIC SCHOOL DISTRICT,,,16,,52,8,
18-19,27,278,1,ORONO PUBLIC SCHOOL DISTRICT,,,,,9,,
18-19,27,279,1,OSSEO PUBLIC SCHOOL DISTRICT,13,18,867,90,154,118,1260
18-19,27,280,1,RICHFIELD PUBLIC SCHOOL DISTRICT,,13,136,104,47,43,
18-19,27,281,1,ROBBINSDALE PUBLIC SCHOOL DISTRICT,19,5,660,73,64,105,926
18-19,27,282,1,ST. ANTHONY-NEW BRIGHTON SCHOOLS,,,,,,,
18-19,27,283,1,ST. LOUIS PARK PUBLIC SCHOOL DIST.,10,5,141,31,56,37,280
18-19,27,284,1,WAYZATA PUBLIC SCHOOL DISTRICT,,7,40,6,79,14,
18-19,27,286,1,BROOKLYN CENTER SCHOOL DISTRICT,,,291,19,20,14,
18-19,27,287,6,Intermediate School District 287,,,25,,5,,
18-19,70,288,6,Southwest Metro Intermediate 288,,,17,6,77,,
18-19,28,294,1,HOUSTON PUBLIC SCHOOL DISTRICT,,,,,,,
18-19,28,297,1,SPRING GROVE SCHOOL DISTRICT,,,,,,,
18-19,28,299,1,CALEDONIA PUBLIC SCHOOL DISTRICT,,,,,15,,
18-19,28,300,1,LA CRESCENT-HOKAH SCHOOL DISTRICT,,,8,,36,7,
18-19,29,306,1,Laporte Public School District,8,,,,29,,
18-19,29,308,1,NEVIS PUBLIC SCHOOL DISTRICT,9,,,,62,,
18-19,29,309,1,PARK RAPIDS PUBLIC SCHOOL DISTRICT,20,,,8,86,8,
18-19,30,314,1,BRAHAM PUBLIC SCHOOL DISTRICT,,,,,36,,
18-19,31,316,1,GREENWAY PUBLIC SCHOOL DISTRICT,7,,,,97,,
18-19,31,317,1,DEER RIVER PUBLIC SCHOOL DISTRICT,62,,,,21,14,
18-19,31,318,1,GRAND RAPIDS PUBLIC SCHOOL DISTRICT,56,,6,14,246,26,
18-19,31,319,1,NASHWAUK-KEEWATIN SCHOOL DISTRICT,,,,,83,29,
18-19,32,330,1,HERON LAKE-OKABENA SCHOOL DISTRICT,,,,,25,,
18-19,33,332,1,MORA PUBLIC SCHOOL DISTRICT,,,,,46,,
18-19,33,333,1,OGILVIE PUBLIC SCHOOL DISTRICT,,,,,7,,
18-19,34,345,1,NEW LONDON-SPICER SCHOOL DISTRICT,,,,6,18,,
18-19,34,347,1,WILLMAR PUBLIC SCHOOL DISTRICT,,5,63,79,19,,
18-19,35,356,1,LANCASTER PUBLIC SCHOOL DISTRICT,,,,,,,
18-19,36,361,1,INTERNATIONAL FALLS SCHOOL DISTRICT,5,,,,23,,
18-19,36,362,1,LITTLEFORK-BIG FALLS SCHOOL DIST.,,,,,,,
18-19,36,363,1,SOUTH KOOCHICHING SCHOOL DISTRICT,10,,,,,,
18-19,37,378,1,DAWSON-BOYD PUBLIC SCHOOL DISTRICT,,,,,7,,
18-19,38,381,1,LAKE SUPERIOR PUBLIC SCHOOL DIST.,,,,,45,,
18-19,39,390,1,LAKE OF THE WOODS SCHOOL DISTRICT,,,,,,,
18-19,40,391,1,CLEVELAND PUBLIC SCHOOL DISTRICT,,,,,10,,
18-19,14,397,52,Lake Agassiz Education Cooperative,,,,,,,
18-19,42,413,1,MARSHALL PUBLIC SCHOOL DISTRICT,,,10,15,29,,
18-19,42,414,1,MINNEOTA PUBLIC SCHOOL DISTRICT,,,,,24,,
18-19,42,415,1,LYND PUBLIC SCHOOL DISTRICT,,,,,,,
18-19,43,423,1,HUTCHINSON PUBLIC SCHOOL DISTRICT,,,13,32,103,8,
18-19,44,432,1,MAHNOMEN PUBLIC SCHOOL DISTRICT,60,,,,5,43,
18-19,44,435,1,WAUBUN-OGEMA-WHITE EARTH PUBLIC SCH,50,,,,5,16,
18-19,46,458,1,TRUMAN PUBLIC SCHOOL DISTRICT,,,,,9,,
18-19,47,463,1,EDEN VALLEY-WATKINS SCHOOL DISTRICT,,,,,,,
18-19,47,465,1,LITCHFIELD PUBLIC SCHOOL DISTRICT,,,,7,27,,
18-19,86,466,1,DASSEL-COKATO PUBLIC SCHOOL DIST.,,,,,43,,
18-19,48,473,1,ISLE PUBLIC SCHOOL DISTRICT,,,,,9,,
18-19,48,477,1,PRINCETON PUBLIC SCHOOL DISTRICT,,,,,44,,
18-19,48,480,1,ONAMIA PUBLIC SCHOOL DISTRICT,115,,11,8,27,8,
18-19,49,482,1,LITTLE FALLS PUBLIC SCHOOL DISTRICT,,,13,,195,15,
18-19,49,484,1,PIERZ PUBLIC SCHOOL DISTRICT,,,,,66,,
18-19,49,485,1,ROYALTON PUBLIC SCHOOL DISTRICT,,,,,18,,
18-19,49,487,1,UPSALA PUBLIC SCHOOL DISTRICT,,,,,,,
18-19,50,492,1,AUSTIN PUBLIC SCHOOL DISTRICT,,20,51,132,123,15,
18-19,50,495,1,GRAND MEADOW PUBLIC SCHOOL DISTRICT,,,,,15,,
18-19,50,497,1,LYLE PUBLIC SCHOOL DISTRICT,,,,,14,,
18-19,50,499,1,LEROY-OSTRANDER PUBLIC SCHOOLS,,,,,,,
18-19,50,500,1,SOUTHLAND PUBLIC SCHOOL DISTRICT,,,,,,,
18-19,51,505,1,FULDA PUBLIC SCHOOL DISTRICT,,,,,,,
18-19,52,507,1,NICOLLET PUBLIC SCHOOL DISTRICT,,,,,7,,
18-19,52,508,1,ST. PETER PUBLIC SCHOOL DISTRICT,,,37,14,45,5,
18-19,53,511,1,ADRIAN PUBLIC SCHOOL DISTRICT,,,,,5,,
18-19,53,518,1,WORTHINGTON PUBLIC SCHOOL DISTRICT,,5,11,46,10,,
18-19,55,531,1,BYRON PUBLIC SCHOOL DISTRICT,,,,,14,,
18-19,55,533,1,DOVER-EYOTA PUBLIC SCHOOL DISTRICT,,,,,13,,
18-19,55,534,1,STEWARTVILLE PUBLIC SCHOOL DISTRICT,,,,,39,5,
18-19,55,535,1,ROCHESTER PUBLIC SCHOOL DISTRICT,6,43,413,147,386,87,1082
18-19,56,542,1,BATTLE LAKE PUBLIC SCHOOL DISTRICT,,,,,,,
18-19,56,544,1,FERGUS FALLS PUBLIC SCHOOL DISTRICT,8,,13,14,80,11,
18-19,56,547,1,PARKERS PRAIRIE PUBLIC SCHOOL DIST.,,,,,10,,
18-19,56,548,1,PELICAN RAPIDS PUBLIC SCHOOL DIST.,,,,6,6,,
18-19,56,549,1,PERHAM-DENT PUBLIC SCHOOL DISTRICT,,,,,21,,
18-19,56,550,1,UNDERWOOD PUBLIC SCHOOL DISTRICT,,,,,11,,
18-19,56,553,1,NEW YORK MILLS PUBLIC SCHOOL DIST.,,,,,6,,
18-19,57,561,1,GOODRIDGE PUBLIC SCHOOL DISTRICT,,,,,,,
18-19,57,564,1,THIEF RIVER FALLS SCHOOL DISTRICT,,,,,22,,
18-19,58,577,1,WILLOW RIVER PUBLIC SCHOOL DISTRICT,,,,,10,,
18-19,58,578,1,PINE CITY PUBLIC SCHOOL DISTRICT,,,,,18,,
18-19,59,581,1,EDGERTON PUBLIC SCHOOL DISTRICT,,,,,8,,
18-19,60,592,1,CLIMAX-SHELLY PUBLIC SCHOOLS,,,,,7,,
18-19,60,593,1,CROOKSTON PUBLIC SCHOOL DISTRICT,,,,33,26,,
18-19,60,595,1,EAST GRAND FORKS PUBLIC SCHOOL DIST,,,,,9,,
18-19,60,599,1,FERTILE-BELTRAMI SCHOOL DISTRICT,,,,,7,,
18-19,60,600,1,FISHER PUBLIC SCHOOL DISTRICT,,,,21,16,,
18-19,60,601,1,FOSSTON PUBLIC SCHOOL DISTRICT,,,,,,,
18-19,62,621,1,MOUNDS VIEW PUBLIC SCHOOL DISTRICT,,,12,6,12,6,
18-19,62,622,1,North St. Paul-Maplewood Oakdale,12,11,219,56,130,69,497
18-19,62,623,1,ROSEVILLE PUBLIC SCHOOL DISTRICT,,15,81,56,60,33,
18-19,62,624,1,WHITE BEAR LAKE SCHOOL DISTRICT,,15,138,78,327,57,
18-19,62,625,1,ST. PAUL PUBLIC SCHOOL DISTRICT,113,195,3305,601,443,453,5110
18-19,63,630,1,RED LAKE FALLS PUBLIC SCHOOL DIST.,,,,,,,
18-19,64,640,1,WABASSO PUBLIC SCHOOL DISTRICT,,,,,15,,
18-19,66,656,1,FARIBAULT PUBLIC SCHOOL DISTRICT,,,161,75,137,21,
18-19,66,659,1,NORTHFIELD PUBLIC SCHOOL DISTRICT,,,5,38,61,5,
18-19,67,671,1,HILLS-BEAVER CREEK SCHOOL DISTRICT,,,,,9,,
18-19,68,676,1,BADGER PUBLIC SCHOOL DISTRICT,,,,,6,,
18-19,68,682,1,ROSEAU PUBLIC SCHOOL DISTRICT,,,,,,,
18-19,68,690,1,WARROAD PUBLIC SCHOOL DISTRICT,6,,,,35,24,
18-19,69,695,1,CHISHOLM PUBLIC SCHOOL DISTRICT,,,5,,51,,
18-19,69,696,1,ELY PUBLIC SCHOOL DISTRICT,,,,,,,
18-19,69,698,1,FLOODWOOD PUBLIC SCHOOL DISTRICT,,,,,21,10,
18-19,69,700,1,HERMANTOWN PUBLIC SCHOOL DISTRICT,,,,,40,6,
18-19,69,701,1,HIBBING PUBLIC SCHOOL DISTRICT,5,,16,6,76,24,
18-19,69,704,1,PROCTOR PUBLIC SCHOOL DISTRICT,,,,,64,7,
18-19,69,706,1,VIRGINIA PUBLIC SCHOOL DISTRICT,,,,,20,,
18-19,69,709,1,DULUTH PUBLIC SCHOOL DISTRICT,40,,193,26,266,123,
18-19,69,712,1,MOUNTAIN IRON-BUHL SCHOOL DISTRICT,,,,,15,,
18-19,70,716,1,BELLE PLAINE PUBLIC SCHOOL DISTRICT,,,,,38,10,
18-19,70,717,1,JORDAN PUBLIC SCHOOL DISTRICT,,,,17,34,,
18-19,70,719,1,PRIOR LAKE-SAVAGE AREA SCHOOLS,18,5,30,38,199,15,305
18-19,70,720,1,SHAKOPEE PUBLIC SCHOOL DISTRICT,5,20,95,58,150,44,372
18-19,70,721,1,NEW PRAGUE AREA SCHOOLS,,,,5,70,,
18-19,71,726,1,BECKER PUBLIC SCHOOL DISTRICT,,,,5,32,,
18-19,71,727,1,BIG LAKE PUBLIC SCHOOL DISTRICT,,,18,11,120,19,
18-19,71,728,1,Elk River School District,,,24,25,384,30,
18-19,73,738,1,HOLDINGFORD PUBLIC SCHOOL DISTRICT,,,,,14,,
18-19,73,739,1,KIMBALL PUBLIC SCHOOL DISTRICT,,,,,,,
18-19,73,740,1,MELROSE PUBLIC SCHOOL DISTRICT,,,,6,14,,
18-19,73,741,1,PAYNESVILLE PUBLIC SCHOOL DISTRICT,,,,,,,
18-19,73,742,1,ST. CLOUD PUBLIC SCHOOL DISTRICT,,,376,30,133,78,
18-19,73,743,1,SAUK CENTRE PUBLIC SCHOOL DISTRICT,,,,,10,,
18-19,73,745,1,ALBANY PUBLIC SCHOOL DISTRICT,,,,,,,
18-19,73,748,1,SARTELL-ST. STEPHEN SCHOOL DISTRICT,,,8,,92,5,
18-19,73,750,1,ROCORI PUBLIC SCHOOL DISTRICT,,,,,50,,
18-19,74,756,1,BLOOMING PRAIRIE PUBLIC SCHOOL DIST,,,,,10,,
18-19,74,761,1,OWATONNA PUBLIC SCHOOL DISTRICT,,,63,45,135,22,
18-19,74,763,1,MEDFORD PUBLIC SCHOOL DISTRICT,,,,15,19,,
18-19,75,768,1,HANCOCK PUBLIC SCHOOL DISTRICT,,,,,,,
18-19,75,771,1,CHOKIO-ALBERTA PUBLIC SCHOOL DIST.,,,,,5,,
18-19,76,775,1,KERKHOVEN-MURDOCK-SUNBURG,,,,,14,,
18-19,76,777,1,BENSON PUBLIC SCHOOL DISTRICT,,,,,11,,
18-19,77,787,1,BROWERVILLE PUBLIC SCHOOL DISTRICT,,,,,23,,
18-19,78,801,1,Browns Valley Public School Dist,,,,,,,
18-19,78,803,1,WHEATON AREA PUBLIC SCHOOL DISTRICT,,,,,5,,
18-19,79,811,1,WABASHA-KELLOGG PUBLIC SCHOOL DIST.,,,,,8,,
18-19,79,813,1,LAKE CITY PUBLIC SCHOOL DISTRICT,,,,,7,,
18-19,80,818,1,VERNDALE PUBLIC SCHOOL DISTRICT,,,,,11,,
18-19,80,820,1,SEBEKA PUBLIC SCHOOL DISTRICT,,,,,,,
18-19,80,821,1,MENAHGA PUBLIC SCHOOL DISTRICT,,,,,37,5,
18-19,81,829,1,WASECA PUBLIC SCHOOL DISTRICT,,,,22,78,,
18-19,82,831,1,FOREST LAKE PUBLIC SCHOOL DISTRICT,6,5,15,22,306,23,377
18-19,82,832,1,MAHTOMEDI PUBLIC SCHOOL DISTRICT,,,,,28,5,
18-19,82,833,1,SOUTH WASHINGTON COUNTY SCHOOL DIST,,21,120,89,322,99,
18-19,82,834,1,STILLWATER AREA PUBLIC SCHOOL DIST.,,,16,13,129,12,
18-19,83,836,1,BUTTERFIELD PUBLIC SCHOOL DISTRICT,,,,5,6,,
18-19,83,837,1,MADELIA PUBLIC SCHOOL DISTRICT,,,,,,,
18-19,83,840,1,ST. JAMES PUBLIC SCHOOL DISTRICT,,,,6,6,,
18-19,84,846,1,BRECKENRIDGE PUBLIC SCHOOL DISTRICT,,,,,14,,
18-19,84,850,1,ROTHSAY PUBLIC SCHOOL DISTRICT,,,,,7,,
18-19,85,857,1,Lewiston-Altura Public School Dist,,,,,5,,
18-19,85,858,1,ST. CHARLES PUBLIC SCHOOL DISTRICT,,,,,,,
18-19,85,861,1,WINONA AREA PUBLIC SCHOOL DISTRICT,,,61,11,120,30,
18-19,86,876,1,ANNANDALE PUBLIC SCHOOL DISTRICT,,,,,105,13,
18-19,86,877,1,BUFFALO-HANOVER-MONTROSE PUBLIC SCH,,,8,19,217,11,
18-19,86,879,1,DELANO PUBLIC SCHOOL DISTRICT,,,,,52,,
18-19,86,881,1,MAPLE LAKE PUBLIC SCHOOL DISTRICT,,,,,,,
18-19,86,882,1,MONTICELLO PUBLIC SCHOOL DISTRICT,,,,13,141,17,
18-19,86,883,1,ROCKFORD PUBLIC SCHOOL DISTRICT,,,13,18,53,,
18-19,86,885,1,ST. MICHAEL-ALBERTVILLE SCHOOL DIST,,6,23,12,170,19,
18-19,87,891,1,CANBY PUBLIC SCHOOL DISTRICT,,,,,6,,
18-19,30,911,1,CAMBRIDGE-ISANTI PUBLIC SCHOOL DIST,,,12,24,302,22,
18-19,48,912,1,MILACA PUBLIC SCHOOL DISTRICT,,,,,70,,
18-19,14,914,1,ULEN-HITTERDAL PUBLIC SCHOOL DIST,,,,,,,
18-19,46,915,52,SOUTHERN PLAINS EDUCATION COOP.,,,,,8,,
18-19,62,916,6,NORTHEAST METRO 916,,,97,5,53,7,
18-19,19,917,6,INTERMEDIATE SCHOOL DISTRICT 917,,,18,25,44,13,
18-19,56,926,83,REGION 4-LAKES COUNTRY SERVICE COOP,,,,,,,
18-19,56,935,52,FERGUS FALLS AREA SP. ED. COOP.,,,,,,,
18-19,86,938,52,MEEKER AND WRIGHT SPECIAL EDUCATION,,,,,34,,
18-19,86,966,51,WRIGHT TECHNICAL CENTER,,,9,,30,,
18-19,42,991,83,Region 6 and 8-SW/WC Service Coop,,,5,,17,,
18-19,27,1000,70,PERPICH CENTER FOR ARTS EDUCATION,,,,,11,,
18-19,7,2071,1,LAKE CRYSTAL-WELLCOME MEMORIAL,,,,,23,,
18-19,20,2125,1,TRITON SCHOOL DISTRICT,,,,13,22,,
18-19,22,2134,1,UNITED SOUTH CENTRAL SCHOOL DIST.,,,,9,24,,
18-19,7,2135,1,MAPLE RIVER SCHOOL DISTRICT,,,,,18,,
18-19,23,2137,1,KINGSLAND PUBLIC SCHOOL DISTRICT,,,,,,,
18-19,69,2142,1,ST. LOUIS COUNTY SCHOOL DISTRICT,27,,7,,124,28,
18-19,40,2143,1,WATERVILLE-ELYSIAN-MORRISTOWN,,,,,22,,
18-19,13,2144,1,CHISAGO LAKES SCHOOL DISTRICT,,,,,47,5,
18-19,69,2154,1,EVELETH-GILBERT SCHOOL DISTRICT,,,,,25,,
18-19,80,2155,1,WADENA-DEER CREEK SCHOOL DISTRICT,,,,,18,,
18-19,65,2159,1,BUFFALO LK-HECTOR-STEWART PUBLIC SC,,,,,10,,
18-19,14,2164,1,DILWORTH-GLYNDON-FELTON,,,,6,,,
18-19,58,2165,1,HINCKLEY-FINLAYSON SCHOOL DISTRICT,,,,,,,
18-19,42,2167,1,LAKEVIEW SCHOOL DISTRICT,,,,,10,,
18-19,81,2168,1,NRHEG SCHOOL DISTRICT,,,,,14,,
18-19,51,2169,1,MURRAY COUNTY CENTRAL SCHOOL DIST.,,,,,25,,
18-19,77,2170,1,STAPLES-MOTLEY SCHOOL DISTRICT,,,,6,28,,
18-19,25,2172,1,KENYON-WANAMINGO SCHOOL DISTRICT,,,,,9,,
18-19,11,2174,1,PINE RIVER-BACKUS SCHOOL DISTRICT,,,,,54,,
18-19,45,2176,1,WARREN-ALVARADO-OSLO SCHOOL DIST.,,,,,,,
18-19,12,2180,1,MACCRAY SCHOOL DISTRICT,,,,,7,,
18-19,67,2184,1,LUVERNE PUBLIC SCHOOL DISTRICT,,,,,27,,
18-19,87,2190,1,YELLOW MEDICINE EAST,15,,,11,9,,
18-19,23,2198,1,FILLMORE CENTRAL,,,,,10,,
18-19,54,2215,1,NORMAN COUNTY EAST SCHOOL DISTRICT,,,,,,,
18-19,15,2311,1,CLEARBROOK-GONVICK SCHOOL DISTRICT,,,,,,,
18-19,26,2342,1,WEST CENTRAL AREA,,,,,16,,
18-19,35,2358,1,TRI-COUNTY SCHOOL DISTRICT,,,,,,,
18-19,73,2364,1,BELGRADE-BROOTEN-ELROSA SCHOOL DIST,,,,,18,,
18-19,72,2365,1,G.F.W.,,,,8,21,,
18-19,47,2396,1,A.C.G.C. PUBLIC SCHOOL DISTRICT,,,,,,,
18-19,40,2397,1,LE SUEUR-HENDERSON SCHOOL DISTRICT,,,,6,19,13,
18-19,46,2448,1,MARTIN COUNTY WEST SCHOOL DISTRICT,,,,,30,,
18-19,65,2534,1,BIRD ISLAND-OLIVIA-LAKE LILLIAN,,,,7,18,,
18-19,46,2536,1,Granada Huntley East Chain,,,,,26,,
18-19,60,2609,1,WIN-E-MAC SCHOOL DISTRICT,,,,,,,
18-19,68,2683,1,GREENBUSH-MIDDLE RIVER SCHOOL DIST.,,,,,5,,
18-19,86,2687,1,HOWARD LAKE-WAVERLY-WINSTED,,,,,26,,
18-19,59,2689,1,PIPESTONE AREA SCHOOL DISTRICT,,,,,11,,
18-19,69,2711,1,MESABI EAST SCHOOL DISTRICT,,,,,45,,
18-19,46,2752,1,FAIRMONT AREA SCHOOL DISTRICT,,,,7,39,,
18-19,77,2753,1,LONG PRAIRIE-GREY EAGLE SCHOOL DIST,,,,27,30,,
18-19,64,2754,1,CEDAR MOUNTAIN SCHOOL DISTRICT,6,,,,5,,
18-19,75,2769,1,MORRIS AREA PUBLIC SCHOOLS,,,,,20,,
18-19,79,2805,1,ZUMBROTA-MAZEPPA SCHOOL DISTRICT,,,,,12,,
18-19,81,2835,1,JANESVILLE-WALDORF-PEMBERTON,,,,,11,,
18-19,43,2859,1,GLENCOE-SILVER LAKE SCHOOL DISTRICT,,,,26,43,,
18-19,22,2860,1,BLUE EARTH AREA PUBLIC SCHOOL,,,,5,23,,
18-19,17,2884,1,RED ROCK CENTRAL SCHOOL DISTRICT,,,,,,,
18-19,24,2886,1,GLENVILLE-EMMONS SCHOOL DISTRICT,,,,,,,
18-19,3,2889,1,LAKE PARK AUDUBON SCHOOL DISTRICT,,,,,5,,
18-19,65,2890,1,RENVILLE COUNTY WEST SCHOOL DIST.,,,,,12,,
18-19,32,2895,1,JACKSON COUNTY CENTRAL SCHOOL DIST.,,,,6,34,,
18-19,64,2897,1,REDWOOD AREA SCHOOL DISTRICT,16,,,,25,5,
18-19,17,2898,1,WESTBROOK-WALNUT GROVE SCHOOLS,,,,,,,
18-19,79,2899,1,PLAINVIEW-ELGIN-MILLVILLE,,,,9,24,,
18-19,41,2902,1,RTR PUBLIC SCHOOLS,,,,,6,,
18-19,6,2903,1,ORTONVILLE PUBLIC SCHOOLS,,,,,,,
18-19,42,2904,1,TRACY AREA PUBLIC SCHOOL DISTRICT,,,,,19,,
18-19,40,2905,1,TRI-CITY UNITED SCHOOL DISTRICT,,,,6,22,8,
18-19,63,2906,1,RED LAKE COUNTY CENTRAL PUBLIC SCH,,,,,5,,
18-19,21,2908,1,BRANDON-EVANSVILLE PUBLIC SCHOOLS,,,,,6,,
18-19,85,4001,7,BLUFFVIEW MONTESSORI,,,,,,,
18-19,82,4003,7,"NEW HEIGHTS SCHOOL, INC.",,,,,5,,
18-19,27,4004,7,CEDAR RIVERSIDE COMMUNITY SCHOOL,,,15,,,,
18-19,62,4005,7,METRO DEAF SCHOOL,,,,,,,
18-19,72,4007,7,MINNESOTA NEW COUNTRY SCHOOL,,,,,14,,
18-19,2,4008,7,PACT CHARTER SCHOOL,,,,,33,,
18-19,27,4011,7,ATHLOS LEADERSHIP ACADEMY,,,85,5,19,,
18-19,62,4015,7,COMMUNITY OF PEACE ACADEMY,,,38,12,,,
18-19,10,4016,7,WORLD LEARNER CHARTER SCHOOL,,,,,7,,
18-19,27,4017,7,MINNESOTA TRANSITIONS CHARTER SCH,,,36,5,,5,
18-19,62,4018,7,ACHIEVE LANGUAGE ACADEMY,,,8,16,,9,
18-19,69,4020,7,DULUTH PUBLIC SCHOOLS ACADEMY,10,,33,,82,10,
18-19,62,4025,7,CYBER VILLAGE ACADEMY,,,5,6,13,,
18-19,87,4026,7,E.C.H.O. CHARTER SCHOOL,,,,,,,
18-19,62,4027,7,HIGHER GROUND ACADEMY,,,15,,,,
18-19,62,4029,7,ST. PAUL CITY SCHOOL,,,,,,,
18-19,62,4031,7,JENNINGS COMMUNITY SCHOOL,,,,,,,
18-19,62,4035,7,LIFE PREP,,,25,,,,
18-19,27,4038,7,SOJOURNER TRUTH ACADEMY,,,68,,,,
18-19,62,4039,7,HIGH SCHOOL FOR RECORDING ARTS,,,25,,,,
18-19,82,4043,7,MATH AND SCIENCE ACADEMY,,,,,7,,
18-19,2,4049,7,NORTHWEST PASSAGE HIGH SCHOOL,,,5,,22,8,
18-19,82,4053,7,NORTH LAKES ACADEMY,,,,,15,,
18-19,28,4054,7,LA CRESCENT MONTESSORI & STEM SCHOO,,,,,,,
18-19,66,4055,7,NERSTRAND CHARTER SCHOOL,,,,,,,
18-19,4,4058,7,SCHOOLCRAFT LEARNING COMMUNITY CHTR,11,,,5,6,,
18-19,18,4059,7,CROSSLAKE COMMUNITY CHARTER SCHOOL,,,,,,,
18-19,85,4064,7,Riverway Learning Community Charter,,,,,14,,
18-19,7,4066,7,KATO PUBLIC CHARTER SCHOOL,,,6,,6,,
18-19,27,4067,7,AURORA CHARTER SCHOOL,,,,7,,,
18-19,27,4068,7,EXCELL ACADEMY CHARTER,,,23,,,,
18-19,62,4070,7,HOPE COMMUNITY ACADEMY,,5,,,,,
18-19,62,4073,7,ACADEMIA CESAR CHAVEZ CHARTER SCH.,,,,30,,,
18-19,62,4074,7,AFSA HIGH SCHOOL,,,14,,17,,
18-19,62,4075,7,AVALON SCHOOL,,,,,8,,
18-19,27,4078,7,Twin Cities International Schools,,,132,,,,
18-19,27,4079,7,FRIENDSHIP ACDMY OF FINE ARTS CHTR.,,,30,,,,
18-19,11,4080,7,PILLAGER AREA CHARTER SCHOOL,,,,,,,
18-19,66,4081,7,DISCOVERY PUBLIC SCHOOL FARIBAULT,,,,13,19,5,
18-19,69,4085,7,HARBOR CITY INTERNATIONAL CHARTER,,,,,15,,
18-19,27,4087,7,SAGE ACADEMY CHARTER SCHOOL,,,,,,,
18-19,62,4088,7,URBAN ACADEMY CHARTER SCHOOL,,,7,,,,
18-19,27,4089,7,NEW CITY SCHOOL,,,,,,,
18-19,19,4090,7,PRAIRIE CREEK COMMUNITY SCHOOL,,,,,,,
18-19,66,4091,7,ARCADIA CHARTER SCHOOL,,,,,,,
18-19,27,4092,7,WATERSHED HIGH SCHOOL,,,,,,6,
18-19,43,4093,7,NEW CENTURY ACADEMY,,,,7,44,5,
18-19,13,4095,7,TRIO WOLF CREEK DISTANCE LEARNING,,,,,,,
18-19,27,4097,7,"PARTNERSHIP ACADEMY, INC.",,,,,,,
18-19,62,4098,7,NOVA CLASSICAL ACADEMY,,,,,7,,
18-19,27,4102,7,MINNESOTA INTERNSHIP CENTER,,,12,,,,
18-19,62,4103,7,HMONG COLLEGE PREP ACADEMY,,70,,,,,
18-19,2,4104,7,PALADIN CAREER AND TECH HIGH SCHOOL,,,7,,,,
18-19,62,4105,7,GREAT RIVER SCHOOL,,,,,6,,
18-19,4,4106,7,TREKNORTH HIGH SCHOOL,11,,,,8,,
18-19,4,4107,7,VOYAGEURS EXPEDITIONARY,,,,,,,
18-19,27,4110,7,PIM Arts High School,,,,,,,
18-19,27,4111,7,AUGSBURG FAIRVIEW ACADEMY,,,11,,,,
18-19,62,4112,7,ST PAUL CONSERVATORY PERFORMING ART,,,,,,,
18-19,82,4116,7,LAKES INTERNATIONAL LANGUAGE ACADEM,,,,,7,,
18-19,86,4118,7,KALEIDOSCOPE CHARTER SCHOOL,,,,,21,,
18-19,19,4119,7,ACADEMIC ARTS HIGH SCHOOL,,,,,5,,
18-19,82,4120,7,ST. CROIX PREPARATORY ACADEMY,,,,,,,
18-19,27,4121,7,UBAH MEDICAL ACADEMY CHARTER SCHOOL,,,64,,,,
18-19,27,4122,7,EAGLE RIDGE ACADEMY CHARTER SCHOOL,,,26,,13,,
18-19,27,4124,7,BEACON ACADEMY,,,11,,5,,
18-19,27,4126,7,PRAIRIE SEEDS ACADEMY,,5,7,6,,,
18-19,81,4127,7,TEAM ACADEMY,,,,,6,,
18-19,27,4131,7,METRO SCHOOLS CHARTER,,,64,,,,
18-19,62,4132,7,TWIN CITIES ACADEMY,,,114,23,34,36,
18-19,55,4135,7,ROCHESTER MATH AND SCIENCE ACADEMY,,,19,,,,
18-19,27,4139,7,LOVEWORKS ACADEMY FOR ARTS,,,84,,,,
18-19,27,4140,7,YINGHUA ACADEMY,,,5,,9,,
18-19,73,4142,7,STRIDE ACADEMY CHARTER SCHOOL,,,8,,5,,
18-19,27,4143,7,NEW MILLENNIUM ACADEMY CHARTER SCH,,13,33,,7,,
18-19,31,4146,7,NORTHERN LIGHTS COMMUNITY SCHOOL,,,,,29,9,
18-19,62,4152,7,TWIN CITIES GERMAN IMMERSION CHTR,,,,,,,
18-19,62,4153,7,DUGSI ACADEMY,,,17,,,,
18-19,44,4155,7,NAYTAHWAUSH COMMUNITY SCHOOL,13,,,,,,
18-19,27,4159,7,SEVEN HILLS PREPARATORY ACADEMY,,,15,5,14,,
18-19,71,4160,7,SPECTRUM HIGH SCHOOL,,,,,13,,
18-19,43,4161,7,NEW DISCOVERIES MONTESSORI ACADEMY,,,,,,,
18-19,27,4162,7,SOUTHSIDE FAMILY CHARTER SCHOOL,,,,,,,
18-19,62,4164,7,LAURA JEFFREY ACADEMY CHARTER,,,,,,,
18-19,69,4166,7,EAST RANGE ACADEMY OF TECH-SCIENCE,,,,,14,,
18-19,27,4169,7,STONEBRIDGE WORLD SCHOOL,,,54,,,,
18-19,27,4170,7,HIAWATHA ACADEMIES,,,75,248,,27,
18-19,27,4171,7,NOBLE ACADEMY,,15,14,,,,
18-19,1,4177,7,MINISINAAKWAANG LEADERSHIP ACADEMY,,,,,,,
18-19,62,4181,7,COMMUNITY SCHOOL OF EXCELLENCE,,18,,,,,
18-19,27,4183,7,LIONSGATE ACADEMY,,,,,10,,
18-19,70,4184,7,ASPEN ACADEMY,,,12,,13,,
18-19,2,4185,7,DAVINCI ACADEMY,,,,,15,,
18-19,2,4186,7,GLOBAL ACADEMY,,,23,,,,
18-19,82,4187,7,NATURAL SCIENCE ACADEMY,,,,,,,
18-19,10,4188,7,COLOGNE ACADEMY,,,,,,,
18-19,27,4189,7,BRIGHT WATER ELEMENTARY,,,7,,,,
18-19,62,4190,7,RIVERS EDGE ACADEMY,,,,,,,
18-19,27,4191,7,KIPP MINNESOTA CHARTER SCHOOL,,,167,,,,
18-19,27,4192,7,BEST ACADEMY,,,147,,,,
18-19,62,4193,7,COLLEGE PREPARATORY ELEMENTARY,,19,36,,5,,
18-19,66,4194,7,CANNON RIVER STEM SCHOOL,,,,,18,,
18-19,18,4198,7,Discovery Woods,,,,,,,
18-19,27,4199,7,PARNASSUS PREPARATORY CHARTER SCH,,,60,,8,,
18-19,62,4200,7,STEP ACADEMY CHARTER SCHOOL,,,194,,,,
18-19,62,4201,7,CORNERSTONE MONTESSORI ELEMENTARY,,,,,,,
18-19,55,4204,7,ROCHESTER STEM ACADEMY,,,5,,,,
18-19,27,4205,7,HENNEPIN ELEMENTARY SCHOOL,,,91,,,,
18-19,69,4207,7,VERMILION COUNTRY SCHOOL,,,,,12,,
18-19,27,4209,7,MASTERY SCHOOL,,,154,,,,
18-19,62,4210,7,UPPER MISSISSIPPI ACADEMY,,,8,11,22,9,
18-19,62,4212,7,WEST SIDE SUMMIT CHARTER SCHOOL,,,74,45,5,20,
18-19,27,4213,7,PRODEO ACADEMY,,,159,,,10,
18-19,34,4217,7,TECHNICAL ACADEMIES OF MINNESOTA,,,,5,,,
18-19,27,4218,7,VENTURE ACADEMY,5,,54,25,,5,
18-19,27,4219,7,NORTHEAST COLLEGE PREP,,,40,,,,
18-19,27,4220,7,AGAMIM CLASSICAL ACADEMY,,,,,5,,
18-19,19,4221,7,DISCOVERY CHARTER SCHOOL,,,,,,,
18-19,73,4223,7,SAINT CLOUD MATH AND SCIENCE ACADEM,,,43,,,,
18-19,2,4224,7,STAR OF THE NORTH ACADEMY CHARTER S,,,,,,,
18-19,62,4225,7,UNIVERSAL ACADEMY CHARTER SCHOOL,,,8,,,,
18-19,27,4226,7,BDOTE LEARNING CENTER,,,,,,,
18-19,30,4227,7,ART AND SCIENCE ACADEMY,,,,,20,8,
18-19,82,4228,7,WOODBURY LEADERSHIP ACADEMY,,,15,,,,
18-19,86,4229,7,JANE GOODALL ENVIRONMENTAL SCIENCE,,,,,27,,
18-19,27,4230,7,Minnesota Excellence in Learning Ac,,,24,,,,
18-19,62,4231,7,MINNESOTA MATH AND SCIENCE ACADEMY,,,51,,,,
18-19,27,4232,7,Success Academy,,,8,,,,
18-19,62,4233,7,LEVEL UP ACADEMY,,,,,,,
18-19,62,4237,7,Career Pathways,,,35,,,,
18-19,55,4238,7,ROCHESTER BEACON ACADEMY,,,,,32,,
18-19,62,4239,7,TESFA INTERNATIONAL SCHOOL,,,18,,,,
18-19,62,4243,7,North Metro Flex Academy,,,27,,32,,
18-19,19,4244,7,FIT Academy,,,16,6,30,7,
18-19,73,4250,7,Athlos Academy of Saint Cloud,,,107,,31,16,
18-19,82,4254,7,Marine Area Community School,,,,,,,
18-19,27,4261,7,SciTech Academy Charter School,,,,,,,
18-19,80,6004,61,Freshwater Education District,,,,,,,
18-19,13,6009,61,ST. CROIX RIVER EDUCATION DISTRICT,,,,,,,
18-19,55,6012,61,ZUMBRO EDUCATION DISTRICT,,,,5,54,,
18-19,85,6013,61,HIAWATHA VALLEY ED. DISTRICT,,,,,,,
18-19,21,6014,61,RUNESTONE AREA ED. DISTRICT,,,,5,17,,
18-19,12,6018,61,MN RIVER VALLEY EDUCATION DISTRICT,,,,,,,
18-19,73,6026,61,WEST CENTRAL EDUCATION DISTRICT,,,,,5,,
18-19,52,6027,61,MN VALLEY EDUCATION DISTRICT,,,,,5,,
18-19,8,6049,61,RIVER BEND EDUCATION DISTRICT,,,,11,23,,
18-19,25,6051,61,GOODHUE COUNTY EDUCATION DISTRICT,,,,6,9,,
18-19,69,6076,50,NORTHLAND LEARNING CENTER,,,,,36,6,
18-19,30,6079,52,RUM RIVER SPECIAL EDUCATION COOP,,,9,5,76,,
18-19,50,6083,52,SOUTHERN MN EDUCATION CONSORTIUM,,,,,6,,
18-19,66,6094,52,Cannon Valley Special Education Coo,,,,,8,,
18-19,50,6095,52,Austin Albert Lea Area Special Educ,,,,,11,,
18-19,9,6096,52,Northern Lights Academy Cooperative,,,,,18,,
18-19,73,6383,61,BENTON-STEARNS ED. DISTRICT,,,,,27,,
18-19,49,6979,61,MID STATE EDUCATION DISTRICT,7,,,,8,,
